player,position,start_price,current_price,own,games,be,round_1,round_2,round_3,round_4,round_5,round_6,round_7,round_8
R Atkins,Mid,572000,598000,1.2,8,77,50,71,100,103,85,100,66,122
L Brown,Def,412000,494000,0.5,8,74,46,90,99,59,69,100,55,78
P Dangerfield,Mid,849000,703000,19.2,7,120,,118,102,97,109,70,109,106
R Douglas,Mid,570000,579000,0.4,7,77,38,,93,76,71,113,115,71
C Ellis-Yolmen,Mid,389000,583000,4.8,8,70,66,121,61,92,89,103,89,102
K Hartigan,Def,318000,329000,1.5,5,77,38,77,55,47,8,,,
R Henderson,Mid,615000,619000,0.1,7,99,89,90,91,91,96,93,,86
S Jacobs,Ruc,700000,603000,12.4,8,120,75,120,105,85,72,83,105,53
J Jenkins,Fwd,572000,474000,1.3,8,76,64,114,71,43,59,63,82,65
S Kerridge,Mid,592000,584000,0.1,4,84,,,,,66,104,89,90
R Laird,Def,707000,729000,69.7,8,141,124,141,120,115,89,114,100,83
T T. Lynch,Fwd,640000,594000,1.8,6,86,,,88,48,90,121,73,92
J Lyons,Mid,665000,661000,2.6,8,130,84,134,151,76,78,131,61,81
D Mackay,"Mid,Def",473000,437000,0.7,7,74,75,43,78,48,,68,79,49
S McKernan,"Ruc,Fwd",367000,392000,1.6,1,27,,,,,,,,102
A Otten,"Def,Fwd",449000,396000,0.3,4,77,,,,,74,38,38,62
R Sloane,Mid,754000,665000,5.2,4,161,91,115,67,46,,,,
D Talia,Def,361000,409000,2.2,8,87,53,66,74,87,39,81,52,33
B Vince,Def,549000,462000,1.0,8,81,67,46,84,48,89,50,88,46
T Walker,Fwd,568000,483000,1.4,6,105,,67,61,65,102,56,,34
M Wright,Fwd,537000,426000,3.6,8,74,84,73,36,70,43,69,62,57
R Bewick,"Mid,Fwd",444000,464000,0.2,3,66,,83,56,79,,,,
J Crisp,Def,622000,564000,2.1,8,45,64,85,115,55,52,80,84,147
J Green,Fwd,377000,385000,0.4,5,91,59,65,68,66,4,,,
P Hanley,"Def,Mid",509000,479000,0.9,1,114,,,24,,,,,
R Lester,"Mid,Fwd",510000,419000,0.1,5,109,88,54,43,,47,31,,
M Leuenberger,Ruc,527000,519000,0.2,1,89,,,,,,68,,
B Longer,Ruc,552000,473000,0.3,2,134,32,24,,,,,,
S Martin,Ruc,703000,737000,19.9,8,110,94,68,177,101,99,92,130,113
S Mayes,Def,562000,480000,0.1,4,105,69,47,66,51,,,,
J Polec,Mid,583000,684000,1.3,8,114,94,89,132,92,87,156,74,91
J Redden,Mid,588000,607000,1.8,8,50,71,67,71,47,78,124,138,97
D Rich,Def,533000,479000,0.5,4,84,21,,,,,97,93,43
T Rockliff,"Mid,Fwd",725000,526000,4.5,5,73,52,33,78,43,,,,127
E Yeo,Def,692000,674000,35.4,8,104,104,99,46,138,108,90,91,112
D Zorko,Mid,805000,608000,6.6,8,50,57,109,72,63,55,43,176,115
T Bell,Fwd,428000,416000,0.9,1,82,41,,,,,,,
E Betts,Fwd,511000,431000,3.2,6,76,52,66,85,29,,,58,70
D Buckley,Def,305000,299000,0.1,1,53,,,,,,,37,
L Casboult,"Fwd,Ruc",442000,420000,0.6,7,84,68,40,90,53,62,67,38,
E Curnow,Mid,621000,776000,8.3,8,98,88,160,103,115,132,81,137,142
J Garlett,Fwd,462000,422000,0.3,5,101,44,103,65,30,33,,,
B Gibbs,Mid,790000,696000,16.9,8,142,139,113,129,113,65,102,100,74
N Graham,"Mid,Fwd",587000,507000,0.1,3,99,,,,45,,,58,79
M Kreuzer,Ruc,740000,643000,10.7,5,98,73,,120,60,,,70,129
M Murphy,Mid,782000,746000,6.3,4,110,68,114,139,0,,,,
M Robinson,"Mid,Fwd",542000,632000,7.8,7,98,89,,110,98,95,98,93,94
S Rowe,Def,263000,249000,0.4,4,46,,,,,45,26,39,30
K Simpson,Def,688000,659000,36.7,8,96,129,98,83,66,131,69,112,102
Z Tuohy,Def,603000,544000,5.5,8,105,90,101,88,96,63,59,88,66
J Waite,Fwd,536000,552000,0.4,7,116,55,146,66,80,100,72,,44
D Beams,Mid,736000,658000,3.9,8,108,97,73,0,88,87,113,120,69
J Blair,Fwd,374000,395000,0.2,2,48,,,,,,75,64,
T Broomhead,Mid,451000,412000,0.1,1,114,,0,,,,,,
N J. Brown,Def,170000,194000,9.6,8,22,40,27,38,19,12,38,35,35
B Grundy,Ruc,748000,792000,21.7,8,122,84,127,141,126,110,115,111,128
L Keeffe,"Def,Fwd",170000,230000,22.0,2,0,,,,,,,76,49
S Pendlebury,Mid,767000,739000,3.0,7,140,108,118,114,104,104,125,72,
B Reid,"Def,Fwd",488000,463000,0.6,5,88,68,,80,67,47,64,,
P Seedsman,"Def,Mid",460000,641000,25.8,8,114,86,92,107,119,99,116,83,75
H Shaw,Def,565000,588000,6.0,8,94,98,79,82,90,79,100,91,78
S Sidebottom,Mid,745000,707000,3.7,8,123,108,96,130,137,77,81,110,104
D Thomas,"Mid,Fwd",506000,585000,6.7,8,39,74,51,84,77,74,87,123,128
J Thomas,Fwd,439000,510000,0.7,8,75,77,65,107,84,52,63,103,73
M Williams,Def,410000,323000,0.5,8,75,60,41,39,58,51,51,37,23
J Witts,Ruc,650000,620000,3.3,8,89,140,98,64,61,97,76,131,80
M Baguley,Def,458000,409000,0.1,6,55,,,46,55,61,50,68,72
T Bellchambers,Ruc,592000,561000,0.8,7,69,77,66,63,95,64,,113,92
J Carlisle,Def,440000,448000,0.8,8,97,63,93,65,66,69,83,55,33
S Crameri,Fwd,324000,341000,0.4,2,40,,,,,,,64,57
J Daniher,Fwd,597000,476000,4.2,7,98,72,49,75,55,104,47,45,
B Goddard,"Mid,Def",716000,622000,1.2,8,143,110,70,72,101,129,100,73,36
D Heppell,Mid,707000,696000,4.1,8,123,145,102,87,123,103,76,114,91
M Hibberd,Def,652000,545000,11.1,8,78,56,69,68,66,63,107,104,64
C Hooker,Fwd,523000,494000,0.3,8,65,96,60,54,81,77,56,72,97
M Hurley,Def,663000,634000,9.9,8,135,99,93,67,131,106,90,87,54
J Melksham,Fwd,506000,449000,0.3,8,53,46,69,71,47,69,76,45,99
J Merrett,"Def,Fwd",337000,339000,1.1,2,66,,,,,71,20,,
D Myers,Mid,455000,460000,0.1,5,65,,,43,91,76,,59,74
P Ryder,Ruc,646000,552000,2.5,3,102,46,,,,,,52,102
D Zaharakis,Mid,702000,684000,0.6,8,105,117,104,91,91,109,108,83,113
H Ballantyne,Fwd,394000,366000,0.7,8,57,36,59,75,33,69,38,65,50
M Barlow,"Mid,Fwd",667000,654000,3.0,1,117,,,,,,80,,
H Crozier,Fwd,467000,394000,0.1,4,72,34,,,,,56,56,55
M de Boer,Fwd,387000,485000,1.7,8,100,72,70,84,78,68,112,58,33
N Fyfe,Mid,686000,760000,34.2,8,115,67,123,144,91,136,101,128,106
S Hill,"Mid,Def",553000,528000,0.6,6,120,,89,64,115,72,70,32,
M Johnson,Def,464000,443000,0.3,6,54,57,57,46,84,,63,,83
C Mayne,Fwd,430000,471000,0.1,3,26,,,,,,55,83,128
S Menegola,"Mid,Fwd",719000,646000,18.1,8,101,69,50,120,118,103,88,65,121
D Mundy,"Mid,Fwd",593000,596000,2.6,8,115,71,89,103,108,95,94,57,80
L Neale,Mid,706000,707000,13.2,8,102,100,100,93,102,86,138,102,106
D Pearce,Fwd,514000,490000,0.0,2,82,46,,,,,,,87
A Sandilands,Ruc,539000,543000,5.7,8,77,111,42,70,97,80,75,77,96
T Sheridan,Def,464000,445000,0.1,2,86,,,59,51,,,,
C Sutcliffe,Def,421000,414000,0.2,1,75,49,,,,,,,
M Taberner,Fwd,423000,494000,2.8,5,100,90,90,79,74,38,,,
M Walters,"Mid,Fwd",560000,579000,9.2,6,150,92,120,106,68,92,11,,
G Ablett,Mid,837000,787000,2.0,4,151,117,138,71,,,,,105
S Day,Fwd,289000,375000,1.4,8,34,49,65,79,34,45,53,68,82
C Dixon,Fwd,570000,502000,1.4,8,85,97,99,65,62,53,88,71,67
A Hall,Mid,690000,557000,0.2,4,100,,83,14,80,,,,102
J Harbrow,Def,581000,457000,0.4,8,87,94,61,45,63,97,44,59,60
J Lonergan,Mid,458000,459000,0.0,2,62,,,,,56,91,,
T J. Lynch,Fwd,566000,505000,2.4,6,129,70,139,53,55,62,38,,
B Matera,Fwd,581000,471000,0.4,8,81,91,82,68,47,60,85,51,70
S May,Def,545000,484000,0.3,7,51,68,63,68,29,78,95,,93
T McKenzie,Def,417000,405000,0.1,1,79,,,,41,,,,
J O'Meara,Mid,438000,558000,28.6,8,97,93,67,93,126,63,83,81,78
D Prestia,Mid,577000,537000,0.4,4,97,,,,75,77,74,70,
M Rischitelli,"Mid,Def",428000,323000,0.5,7,59,63,59,40,21,38,,61,39
A Sexton,"Def,Fwd",437000,411000,0.4,8,68,70,43,60,49,76,67,53,56
Z Smith,Ruc,596000,548000,0.4,3,123,63,,,,,,0,49
D Swallow,Mid,605000,628000,1.4,8,137,111,107,84,109,82,130,76,41
R Thompson,Def,309000,241000,0.7,8,52,19,22,57,41,31,26,49,14
M Weller,Fwd,484000,521000,1.3,4,70,,,,,97,63,87,87
J Bews,Def,360000,341000,0.6,8,81,42,42,85,66,39,44,55,20
M Blicavs,"Mid,Def",549000,456000,0.5,8,49,38,82,81,47,41,59,94,86
M Brown,Def,402000,390000,0.3,3,80,56,70,25,,,,,
J Caddy,"Mid,Fwd",525000,566000,15.7,6,76,99,85,,58,,102,81,100
A Christensen,Fwd,331000,464000,19.9,8,74,60,88,91,76,55,72,76,63
M Duncan,Mid,793000,714000,1.7,7,115,110,0,,93,90,105,115,100
C Guthrie,Mid,485000,437000,1.0,3,111,60,70,10,,,,,
J Hamling,Def,363000,332000,0.4,7,42,,45,38,56,44,45,46,67
T Hawkins,Fwd,552000,503000,0.7,7,62,59,69,78,38,0,101,92,
G Horlin-Smith,Mid,471000,478000,0.4,3,89,,,,,123,20,,65
S Kersten,Fwd,367000,358000,0.2,1,68,38,,,,,,,
D Menzel,Fwd,455000,496000,1.3,5,88,85,101,41,85,61,,,
S Motlop,"Mid,Fwd",489000,443000,2.2,8,45,79,68,62,53,35,62,87,90
J Murdoch,"Mid,Fwd",522000,507000,0.8,7,100,106,,0,61,80,60,96,40
J Selwood,Mid,670000,704000,6.0,8,110,122,110,90,97,112,98,120,95
D Simpson,Ruc,420000,439000,1.0,2,54,,,,70,81,,,
H Taylor,"Def,Fwd",461000,411000,0.5,2,84,16,,,,,,,70
J Thurlow,"Def,Mid",389000,405000,0.5,4,42,,,,,53,48,84,76
T Varcoe,"Def,Fwd",450000,357000,0.7,7,56,32,61,35,42,59,,67,42
J Walker,"Def,Fwd",432000,358000,0.2,4,76,48,39,37,47,,,,
T Adams,Mid,808000,625000,1.0,5,106,71,82,81,,,,48,124
J Bruce,Fwd,465000,446000,0.4,3,86,66,58,53,,,,,
T Bugg,Fwd,425000,457000,0.2,3,52,,61,83,85,,,,
J Cameron,Fwd,622000,572000,1.6,7,124,111,70,78,107,90,66,,48
S Coniglio,Mid,663000,739000,30.9,8,128,146,120,111,121,112,102,92,111
A Corr,Def,339000,261000,0.3,8,37,40,33,42,26,22,56,36,40
P Davis,Def,380000,394000,1.2,8,71,55,50,53,64,77,58,51,48
S Frost,Def,384000,357000,0.2,2,78,,,40,36,,,,
T Greene,Fwd,644000,643000,8.3,3,130,118,,,90,52,,,
C Hampton,Mid,435000,430000,0.4,1,76,54,,,,,,,
N Haynes,Def,511000,529000,0.9,8,92,71,54,97,122,36,79,99,62
W Hoskin-Elliott,"Mid,Fwd",598000,513000,0.8,8,96,67,58,95,88,62,87,58,68
J Patton,Fwd,502000,457000,0.7,7,88,74,48,123,37,50,70,62,
A Phillips,Ruc,261000,323000,3.3,3,34,,,,,65,77,38,
L Plowman,Def,420000,344000,0.4,8,59,60,68,45,29,53,46,62,38
T Scully,Mid,576000,539000,0.6,1,130,,23,,,,,,
D Shiel,Mid,666000,613000,2.1,8,93,104,81,79,79,84,97,110,78
D Smith,"Fwd,Mid",575000,636000,29.3,8,79,91,115,72,91,91,101,94,117
J Stewart,Fwd,432000,406000,0.4,8,73,100,55,47,54,60,54,76,40
A Tomlinson,Def,400000,456000,2.8,8,84,89,96,65,67,69,83,36,66
J Townsend,Fwd,508000,376000,0.9,7,45,66,32,18,61,37,,88,57
A Treloar,Mid,761000,780000,10.9,8,119,105,90,84,135,122,147,100,113
D Tyson,Mid,631000,566000,0.1,6,115,,99,95,,75,62,96,56
C Ward,Mid,659000,640000,0.9,8,116,85,95,108,115,114,68,69,104
L Whitfield,"Mid,Def",690000,631000,8.3,8,88,114,123,65,66,67,126,94,98
N Wilson,Def,499000,503000,2.5,7,84,54,108,63,62,95,65,68,
J Anderson,Fwd,341000,483000,0.5,8,49,57,76,45,93,69,69,86,97
K Brand,Def,443000,400000,0.0,2,86,,26,56,,,,,
L Breust,Fwd,501000,596000,1.4,8,80,76,54,66,118,104,95,80,104
S Burgoyne,Mid,573000,466000,0.5,5,56,75,17,,,,61,61,114
T Duryea,"Def,Fwd",458000,465000,0.8,8,83,72,67,83,65,57,78,82,44
L Franklin,Fwd,677000,698000,37.1,5,154,151,91,102,100,55,,,
J Gunston,Fwd,598000,577000,1.7,8,97,91,86,77,116,69,91,61,96
B Hill,Mid,660000,631000,0.4,2,117,69,90,,,,,,
L Hodge,Def,612000,508000,2.0,7,86,86,55,57,70,75,,98,52
W Langford,"Mid,Fwd",495000,415000,0.3,4,90,,,27,,,60,0,49
J Lewis,"Mid,Def",626000,516000,0.4,7,72,76,61,82,56,,71,74,97
T O'Brien,Fwd,447000,358000,0.2,8,69,48,39,43,89,20,67,48,42
P Puopolo,Fwd,470000,438000,0.5,4,75,68,35,73,66,,,,
C Rioli,Fwd,543000,401000,1.1,4,107,45,31,52,27,,,,
J Roughead,Fwd,593000,503000,1.2,8,80,48,73,75,90,59,58,94,71
S Savage,Def,573000,555000,5.6,8,109,92,86,114,99,50,92,65,71
R Schoenmakers,Fwd,373000,352000,0.7,2,79,53,21,,,,,,
L Shiels,Mid,640000,628000,0.2,7,96,71,114,64,137,62,,99,96
I Smith,Mid,651000,668000,0.6,8,116,97,94,94,92,106,122,99,71
B Stratton,Def,354000,313000,0.9,8,29,41,35,70,39,31,39,40,83
M Suckling,Def,552000,588000,1.1,8,94,80,75,86,115,95,76,70,102
B Whitecross,Fwd,487000,477000,0.0,2,81,,,,,,,72,62
D Barry,Mid,170000,299000,35.7,5,45,72,71,40,,,38,47,
L Dunn,Def,396000,296000,0.4,8,58,59,62,53,28,47,31,27,48
J Frawley,Def,410000,359000,0.4,8,31,56,0,36,29,55,51,58,82
M Gawn,Ruc,605000,794000,51.7,8,122,138,78,114,127,143,135,111,111
J Howe,Def,633000,601000,2.7,8,56,56,108,75,42,82,131,81,123
N Jetta,Def,429000,352000,0.4,8,51,48,42,40,25,68,65,53,46
N Jones,Mid,734000,616000,0.5,8,87,83,110,106,50,87,78,107,100
D Kent,Fwd,433000,466000,0.7,3,83,,,86,93,30,,,
T McDonald,"Def,Fwd",557000,536000,0.3,3,79,,,,,,71,68,99
C Pedersen,"Ruc,Fwd",587000,541000,0.8,2,128,69,34,,,,,,
J Trengove,Mid,376000,376000,0.6,1,60,,0,,,,,,
J Watts,Fwd,531000,467000,2.0,8,87,112,45,60,84,70,46,80,55
S Atley,Fwd,467000,426000,0.1,8,80,55,59,65,92,58,51,51,64
R Bastinac,Mid,552000,536000,0.0,1,103,,,,,56,,,
B Cunnington,Mid,620000,655000,0.3,8,75,85,71,96,98,109,88,91,139
M Daw,"Ruc,Fwd",394000,409000,2.0,5,60,,,66,53,57,75,,59
S Gibson,Mid,582000,582000,0.1,1,92,0,,,,,,,
T Goldstein,Ruc,610000,551000,3.9,8,92,91,117,60,65,79,95,70,77
B Jacobs,Mid,243000,463000,5.1,8,52,37,107,86,45,63,71,119,56
J MacMillan,Def,475000,476000,0.3,8,62,84,58,56,72,88,58,58,97
A Mullett,Def,513000,436000,4.0,8,71,49,102,31,72,76,35,77,63
R Tarrant,Def,512000,478000,0.4,8,95,50,60,0,75,119,55,53,56
L Thomas,Fwd,415000,403000,0.1,1,79,,,,,41,,,
S D. Thompson,Def,432000,468000,0.4,8,94,63,64,52,109,95,50,58,55
D Wells,"Mid,Fwd",544000,538000,0.2,1,88,,,,,,,,76
M Wood,Fwd,458000,481000,1.6,2,69,,,,,,,105,54
S Wright,Def,303000,324000,0.7,2,41,,,,,,,72,42
J Ziebell,"Mid,Fwd",662000,568000,1.1,8,105,85,95,94,84,108,42,74,87
B Ah Chee,"Mid,Fwd",392000,411000,1.2,1,38,,,,,,,,95
T Boak,"Mid,Fwd",643000,603000,2.0,8,89,99,77,79,68,101,94,98,84
T Clurey,Def,359000,330000,0.4,7,58,70,46,37,25,66,62,,29
B Ebert,Mid,724000,691000,0.4,8,98,104,78,70,78,126,137,92,100
R Gray,"Fwd,Mid",572000,692000,30.9,7,110,,119,89,117,126,101,91,104
H Hartlett,Def,496000,556000,2.4,5,77,92,77,98,65,101,,,
J Hombsch,Def,354000,340000,0.2,4,62,,,,,68,35,44,48
T Jonas,Def,427000,533000,1.1,8,81,74,96,66,90,108,66,60,95
J Neade,Fwd,423000,384000,0.1,4,74,,,,,56,76,15,62
C O'Shea,Def,231000,338000,10.9,6,40,,45,,64,38,66,70,47
J Pittard,Def,541000,513000,0.3,1,114,,,,,,,35,
J Trengove,Fwd,446000,407000,0.8,2,88,31,53,,,,,,
J Westhoff,"Mid,Fwd",585000,678000,9.8,8,94,132,104,75,88,118,113,87,115
O Wines,Mid,703000,593000,1.3,8,101,101,125,77,83,89,61,76,100
C Wingard,"Mid,Fwd",649000,477000,2.8,7,85,92,54,73,53,47,73,,73
A Young,Fwd,387000,469000,2.2,8,69,112,42,51,79,76,54,101,58
D Astbury,Def,454000,446000,0.3,8,72,68,63,65,72,79,29,94,57
R Conca,Def,425000,500000,4.3,8,68,63,48,77,100,93,38,87,91
T Cotchin,Mid,673000,607000,6.1,7,93,86,76,103,94,71,74,,114
M Dea,Def,446000,404000,0.1,2,86,27,56,,,,,,
B Deledio,Fwd,530000,591000,3.6,6,45,58,81,64,88,136,116,,
S Edwards,"Mid,Fwd",437000,417000,8.5,8,73,62,71,66,36,79,53,80,39
B Ellis,Def,596000,501000,6.6,5,94,69,50,76,68,64,,,
S Grigg,Mid,672000,544000,3.8,6,87,59,56,77,81,82,79,,
D Grimes,Def,328000,297000,4.7,8,39,27,34,57,50,26,33,69,44
B Houli,Def,637000,574000,3.1,7,75,,49,102,67,95,72,90,103
D Martin,Mid,800000,638000,44.4,8,140,110,127,67,111,73,101,93,48
K Mcintosh,"Def,Mid",449000,392000,0.7,8,48,74,27,67,57,52,23,95,66
A Rance,Def,458000,439000,9.8,8,62,55,64,88,43,73,46,82,68
J Riewoldt,Fwd,544000,569000,8.2,8,77,100,60,87,72,78,101,91,87
N Vlastuin,Def,464000,472000,3.9,6,44,47,,95,64,,55,50,131
D Armitage,Mid,459000,471000,1.7,5,98,80,90,57,,,,79,34
J Geary,Def,423000,446000,1.8,8,104,97,94,52,96,53,67,55,35
S Gilbert,Def,435000,454000,0.2,5,60,,,,63,57,73,88,65
T Hickey,Ruc,467000,517000,1.1,5,68,,,,70,94,71,89,82
B McEvoy,Ruc,644000,577000,1.4,8,74,63,116,83,54,72,107,75,107
J Newnes,Mid,621000,446000,0.2,8,67,90,57,94,49,12,70,78,73
D Roberton,Def,636000,551000,1.6,4,149,103,65,63,21,,,,
S Ross,Mid,718000,683000,1.1,8,117,123,91,132,67,118,78,121,82
R Stanley,"Ruc,Fwd",501000,527000,0.9,6,62,,71,0,81,79,72,107,
J Steven,Mid,661000,656000,3.7,8,108,133,112,99,65,104,100,95,90
J Webster,Def,471000,570000,0.9,6,69,80,95,72,,,100,95,98
N Wright,Fwd,258000,252000,0.2,1,46,,,29,,,,,
S Biggs,Def,542000,515000,0.2,2,104,65,,,55,,,,
H Cunningham,Fwd,434000,443000,0.2,8,60,55,74,66,55,79,73,34,95
H Grundy,Def,439000,463000,0.6,8,31,15,60,48,57,58,93,94,93
D Hannebery,Mid,665000,571000,0.4,4,127,,73,82,68,54,,,
K Jack,"Mid,Fwd",526000,452000,1.9,8,73,72,66,66,62,39,85,77,54
L Jetta,Mid,472000,443000,1.0,5,85,58,85,43,75,,45,,
J P. Kennedy,Mid,690000,600000,3.3,8,91,80,105,100,43,66,111,122,62
J Lamb,Fwd,446000,371000,0.1,5,67,58,59,24,,44,,,67
J Lloyd,Def,649000,621000,28.9,8,79,115,75,87,67,89,120,67,120
H Marsh,Def,367000,364000,0.1,3,60,,,,,72,30,58,
J McVeigh,Def,530000,523000,0.8,8,77,42,95,68,66,89,83,81,76
T Membrey,Fwd,509000,422000,0.2,6,62,100,34,,,35,57,67,73
T Mitchell,Mid,896000,787000,69.8,8,164,156,137,148,83,83,147,119,58
L Parker,Mid,693000,612000,10.6,8,106,127,97,71,114,73,80,73,102
D Rampe,Def,470000,457000,1.8,8,60,59,31,65,75,90,63,46,96
S B. Reid,Fwd,490000,494000,0.2,1,73,,,80,,,,,
D Robinson,Fwd,358000,341000,0.0,2,52,,,,,,30,,67
G Rohan,Fwd,428000,353000,0.6,6,67,,47,43,,57,51,47,42
N Smith,Def,369000,421000,1.3,8,67,77,87,58,45,72,79,34,72
D Towers,Fwd,446000,394000,0.1,7,92,59,71,47,71,66,,50,19
L Dahlhaus,"Mid,Fwd",624000,562000,4.4,8,109,98,58,105,92,83,59,102,55
T Dickson,Fwd,446000,412000,0.1,3,89,,,51,66,33,,,
R Griffen,Mid,470000,435000,0.3,5,67,,,,69,42,80,48,76
S Higgins,Mid,665000,611000,0.4,7,99,87,86,81,117,55,,105,87
N Hrovat,Fwd,494000,401000,0.1,3,102,22,59,29,,,,,
L Hunter,Mid,634000,708000,2.1,7,107,108,119,148,48,,104,131,105
J Johannisen,Def,535000,503000,2.9,8,72,58,73,67,63,83,74,83,76
L Jones,Def,380000,359000,1.1,8,47,33,51,36,34,77,57,60,52
L Jong,"Mid,Fwd",505000,481000,0.5,6,87,,49,70,79,92,62,51,
T Liberatore,Mid,507000,469000,5.1,1,122,9,,,,,,,
J Macrae,Mid,732000,858000,11.5,8,97,109,134,116,128,99,145,151,155
J Redpath,Fwd,452000,420000,0.1,2,87,,,42,51,,,,
F Roberts,Def,266000,273000,1.3,1,34,51,,,,,,,
J Roughead,Ruc,483000,460000,1.1,2,104,76,22,,,,,,
K Stevens,Mid,601000,602000,0.2,2,92,82,98,,,,,,
J Stringer,Fwd,403000,407000,3.4,8,82,74,45,61,72,71,71,36,47
M Wallis,"Mid,Fwd",526000,549000,1.8,6,92,,,93,86,76,96,70,75
E Wood,Def,412000,370000,1.0,6,63,28,59,50,79,36,51,,
J Cripps,Fwd,506000,547000,0.4,8,80,50,79,74,96,94,69,91,83
J Darling,Fwd,490000,588000,1.3,8,53,81,101,60,103,42,101,114,121
A Gaff,Mid,709000,726000,2.2,8,126,96,92,120,122,99,120,110,86
S Hurn,Def,541000,624000,5.6,8,100,112,118,87,98,62,124,82,89
M Hutchings,"Mid,Fwd",370000,502000,5.5,4,31,,,86,,69,,126,95
J J. Kennedy,Fwd,575000,430000,2.7,5,100,,,,81,35,41,64,41
M LeCras,Fwd,510000,493000,0.7,8,101,112,86,73,67,66,80,69,45
S Lycett,Ruc,423000,527000,3.6,8,71,55,112,67,59,97,85,80,83
C Masten,Mid,551000,582000,0.4,8,112,49,67,82,138,97,84,75,66
J McGovern,Def,550000,471000,4.0,7,87,84,64,37,101,52,76,49,
F McInnes,"Ruc,Fwd",340000,337000,0.9,1,55,,,,,,,,48
N Naitanui,Ruc,417000,497000,35.7,7,85,93,70,81,82,80,56,73,
M Rosa,Mid,528000,506000,0.1,4,85,80,,,,75,51,85,
W Schofield,Def,243000,235000,0.9,3,45,35,,0,,,,,25
S Selwood,Mid,704000,559000,0.2,4,124,,,65,78,33,,82,
B Sheppard,Def,432000,432000,0.5,8,52,69,61,78,59,50,53,70,88
L Shuey,Mid,696000,589000,1.4,7,140,102,68,93,84,90,111,9,
C Sinclair,Ruc,525000,652000,4.5,8,91,87,93,123,98,76,108,112,98
S Lloyd,Fwd,447000,442000,3.6,4,45,,,52,,52,,79,95
S Gray,Fwd,577000,528000,0.6,8,98,64,80,109,78,59,111,38,77
B Brown,Fwd,509000,508000,2.3,8,103,29,89,82,115,80,57,72,56
G Hewett,"Mid,Fwd",535000,407000,0.4,8,38,82,63,19,22,65,67,66,84
L Dunstan,Mid,617000,645000,1.2,6,92,,,102,129,78,69,102,120
A Aliir,Def,333000,323000,0.6,1,65,,,,31,,,,
M Scharenberg,Def,548000,493000,0.2,7,43,,93,47,57,57,91,44,132
J Aish,"Def,Mid",421000,488000,2.0,6,100,54,102,84,81,74,34,,
R Knight,Fwd,471000,433000,0.1,2,86,,,,,34,65,,
T Langdon,Def,512000,483000,0.2,5,73,47,77,85,49,84,,,
P Ambrose,Def,342000,350000,0.1,3,41,,,,,,53,46,73
T Dumont,Mid,546000,526000,0.1,8,78,88,66,82,83,72,54,99,82
J Martin,Fwd,585000,585000,0.8,8,76,95,88,84,77,86,63,115,96
B Hartung,Mid,563000,512000,0.6,8,106,73,107,60,100,74,59,76,52
K Kolodjashnij,Def,604000,562000,0.6,4,102,72,73,86,73,,,,
L Taylor,Fwd,547000,524000,0.4,8,108,104,94,46,81,87,79,86,37
J Impey,Fwd,403000,458000,3.2,8,86,66,75,70,87,75,67,50,62
D Gardiner,Def,384000,381000,0.2,8,64,53,47,69,53,49,72,50,51
J Kolodjashnij,Def,408000,367000,0.5,8,74,70,53,72,52,35,61,60,31
B Acres,"Mid,Fwd",549000,584000,3.2,7,104,124,92,77,83,100,69,,78
D Sheed,Mid,606000,559000,0.3,6,94,65,58,119,81,65,80,,
J Leslie,Def,353000,342000,0.0,1,65,,,,,,,,37
J Hogan,Fwd,499000,617000,5.9,8,82,68,133,104,85,102,57,110,110
O Fantasia,Fwd,481000,463000,0.5,3,68,,,59,57,,,,88
J Kelly,Mid,795000,780000,20.7,3,143,115,118,88,,,,,
J Billings,Fwd,666000,524000,22.9,8,108,123,71,58,81,87,64,66,58
L McDonald,"Def,Mid",603000,511000,1.1,8,86,54,83,80,87,70,70,55,89
C Salem,"Def,Mid",600000,555000,0.4,7,46,43,41,88,73,83,104,,119
T Boyd,Ruc,451000,456000,1.3,4,55,,,,,54,72,73,86
M Honeychurch,Fwd,462000,478000,0.2,7,85,61,67,76,63,106,,57,53
D Lang,Fwd,437000,441000,0.1,1,60,,,,,,,,77
N Robertson,"Def,Mid",443000,440000,0.7,7,89,104,74,50,56,82,60,,38
K Amon,Mid,501000,411000,0.1,4,83,,,,52,42,49,58,
M Bontempelli,Mid,706000,633000,3.5,7,71,68,73,82,95,75,122,,117
M Crouch,Mid,752000,648000,5.7,5,109,123,33,,,,91,106,97
T Cutler,Def,538000,517000,0.2,6,79,,,94,45,104,78,43,98
N Holman,Mid,170000,357000,17.4,8,55,89,84,67,29,70,30,77,43
J Kelly,Def,404000,454000,1.1,7,68,70,94,61,43,86,,68,67
D McStay,Def,357000,348000,0.2,6,31,33,58,,,51,36,51,90
J Sicily,"Def,Fwd",523000,626000,15.5,6,60,92,69,,78,111,,135,104
J Harmes,"Mid,Fwd",485000,520000,0.5,8,35,77,83,76,39,68,90,77,131
T Nankervis,Ruc,612000,609000,7.2,8,71,81,98,97,69,56,131,77,119
A Pearce,Def,197000,307000,19.4,8,38,48,50,51,45,43,50,47,56
C McCarthy,Fwd,408000,363000,0.5,8,83,79,42,85,27,86,44,34,32
T Barrass,Def,414000,321000,0.5,8,54,77,68,31,80,15,31,24,77
C Cameron,Fwd,477000,478000,1.6,8,46,87,93,63,41,79,61,52,125
P Cripps,Mid,692000,689000,18.5,8,116,130,95,89,76,138,112,82,93
R Lobb,"Fwd,Ruc",467000,468000,1.4,4,72,74,72,52,,,,,82
D Byrne-Jones,Def,461000,521000,0.8,8,45,85,60,51,50,95,88,89,104
Z Jones,Mid,556000,496000,0.4,6,85,68,,,46,101,67,73,61
Z Merrett,Mid,825000,637000,26.6,8,115,23,78,60,121,109,121,64,81
K Turner,Fwd,456000,332000,0.1,8,68,44,51,20,38,68,60,44,24
J Hunt,Def,510000,385000,0.6,5,81,70,31,,,40,40,60,
C Byrne,Def,350000,351000,3.4,2,55,50,54,,,,,,
S J. Reid,Fwd,324000,294000,0.4,8,49,60,52,23,61,35,35,42,47
C Petracca,"Mid,Fwd",500000,509000,13.9,7,105,98,75,98,73,69,,62,58
P McCartin,Fwd,336000,348000,1.3,7,62,37,49,49,63,56,60,31,
A Brayshaw,"Def,Mid",462000,498000,6.0,5,51,,,,67,53,78,113,80
D Moore,Fwd,437000,369000,0.3,4,105,86,36,,,,,28,17
J Lever,Def,481000,428000,2.4,8,74,46,52,66,55,90,59,55,56
J Laverde,Fwd,372000,389000,1.5,3,76,,,,,,99,40,31
L Weller,"Mid,Def",521000,515000,0.8,8,81,65,36,79,90,87,77,77,72
C Marchbank,Def,489000,428000,0.7,4,113,86,66,18,,,33,,
J De Goey,"Mid,Fwd",560000,531000,1.5,5,68,,,,70,75,45,113,91
L Duggan,Def,475000,435000,0.7,8,55,45,71,0,68,46,66,63,86
C Ellis,"Def,Mid",383000,366000,1.0,2,77,52,32,,,,,,
K Langford,"Mid,Fwd",434000,439000,0.5,2,69,68,63,,,,,,
I Heeney,"Mid,Fwd",649000,640000,48.4,8,102,98,88,97,88,115,91,75,105
J Garlett,"Fwd,Mid",319000,366000,11.4,7,69,74,46,69,67,34,,63,39
C Blakely,"Mid,Def",646000,630000,1.3,8,78,63,119,86,62,107,116,59,131
J Steele,Mid,654000,580000,0.2,7,98,57,69,,89,89,99,90,67
N Cockatoo,Fwd,360000,347000,0.5,2,55,,31,67,,,,,
T Miller,Mid,549000,600000,0.4,8,63,76,81,80,65,89,106,105,107
E Vickers-Willis,Def,324000,345000,0.6,7,52,69,36,36,74,37,62,47,
B Maynard,Def,509000,457000,0.4,6,80,72,62,63,56,75,58,,
A Neal-Bullen,Fwd,571000,461000,0.4,8,82,53,87,81,100,47,32,59,87
L Webb,"Mid,Fwd",318000,325000,0.4,3,55,,45,,,70,,,29
J Lonie,Fwd,427000,420000,0.0,1,75,,,,51,,,,
E Langdon,"Mid,Fwd",476000,593000,1.7,7,59,66,62,111,,81,120,68,130
B Stretch,Mid,472000,462000,0.0,1,85,,,,,54,,,
T McLean,"Mid,Fwd",603000,691000,11.1,8,84,68,110,103,91,109,87,143,109
J Cunico,Mid,222000,415000,11.6,6,43,,,0,97,57,93,68,69
D Howe,Mid,534000,501000,0.3,8,100,99,87,70,86,72,81,40,70
J Nelson,Def,345000,285000,0.2,7,43,16,61,31,48,27,,48,47
O McDonald,Def,431000,305000,0.2,8,55,32,48,14,51,56,34,52,35
H Andrews,Def,384000,438000,0.5,8,48,48,60,41,68,79,64,73,81
Z Cordy,Def,394000,370000,0.2,7,85,56,77,75,,57,40,35,43
M McGovern,Fwd,475000,518000,1.5,8,76,46,45,93,70,87,75,114,54
C Daniel,"Mid,Fwd",530000,542000,0.8,7,80,,57,99,65,98,85,65,92
D Howard,Def,338000,362000,1.6,8,58,50,20,52,77,55,56,56,48
C Gregson,Fwd,283000,311000,0.5,7,52,42,57,74,15,,49,53,43
J Finlayson,"Def,Mid",170000,413000,44.2,8,68,65,90,59,90,60,65,56,59
D Butler,Fwd,394000,363000,0.8,8,61,88,57,55,32,42,78,38,52
B Dale,Mid,475000,428000,0.2,8,52,83,39,69,64,57,51,58,93
E Hughes,Def,435000,420000,0.0,1,82,,,,,,,42,
B Gowers,Fwd,170000,349000,11.0,8,28,53,70,44,51,46,61,53,81
A Saad,Def,429000,351000,1.8,8,50,41,50,32,39,72,58,36,62
J Castagna,Fwd,391000,442000,4.5,8,98,79,29,80,99,81,52,64,33
K Lambert,"Mid,Fwd",600000,583000,2.0,8,80,47,56,60,94,122,74,104,85
J Short,Def,398000,445000,4.4,8,83,52,71,75,85,59,77,52,57
J Sinclair,Mid,554000,518000,0.2,6,80,39,61,91,72,113,49,,
L Melican,Def,330000,337000,0.7,3,49,49,51,54,,,,,
N Newman,Mid,610000,567000,0.2,2,126,67,,,50,,,,
M Cox,"Ruc,Fwd",418000,392000,4.2,7,60,40,,54,28,82,73,60,45
C McKenna,Def,430000,444000,0.2,5,62,59,83,57,,,,59,81
A McDonald-Tipungwuti,Fwd,478000,382000,2.2,8,73,73,33,59,64,61,54,34,58
D Parish,"Mid,Fwd",551000,488000,1.3,8,100,80,77,54,68,88,92,49,47
J Hopper,Mid,461000,483000,0.7,6,85,,,75,88,84,61,56,75
C Curnow,Fwd,502000,541000,8.9,7,90,115,82,95,53,76,89,,75
C Oliver,Mid,715000,706000,3.1,8,104,114,125,88,105,114,78,107,122
J Weitering,Def,409000,338000,6.3,4,69,38,38,41,45,,,,
C Mills,Def,488000,508000,4.1,8,86,92,50,97,64,78,79,82,60
S Weideman,Fwd,224000,274000,1.5,4,46,,,,,73,35,45,28
W Milera,"Mid,Fwd",426000,449000,2.2,6,79,,80,41,63,75,110,20,
H McKay,Fwd,225000,318000,7.0,4,27,,,,,75,50,53,62
C Ah Chee,Fwd,361000,373000,0.2,2,49,,,,,,,68,57
H Himmelberg,Def,347000,302000,0.8,8,46,51,25,33,58,31,53,47,44
J Gresham,Fwd,460000,414000,0.3,8,56,78,77,38,58,50,43,89,64
E Hipwood,Fwd,321000,323000,1.7,8,45,38,55,71,37,53,27,49,64
M Kennedy,Mid,485000,418000,3.8,5,59,7,,54,88,,80,46,
T Doedee,Def,170000,428000,59.2,8,70,80,78,64,50,102,81,47,53
D Cuningham,"Mid,Fwd",420000,405000,4.9,3,89,,73,51,29,,,,
B Fiorini,Mid,589000,602000,0.4,6,89,92,74,73,100,114,76,,
R Clarke,Def,484000,500000,0.7,8,71,83,23,67,63,104,83,75,71
T Cole,Def,271000,369000,2.2,5,48,,,0,,76,80,60,45
J Dunkley,Fwd,517000,554000,0.8,8,79,88,77,89,117,41,71,99,95
R Burton,Def,594000,379000,1.0,7,51,19,48,39,,40,61,58,67
D Tucker,"Mid,Fwd",439000,424000,0.3,6,78,42,,,57,79,77,61,40
R Bonner,Def,423000,470000,6.2,8,78,102,70,83,56,75,62,71,66
R Mathieson,"Mid,Fwd",506000,476000,0.2,3,100,,84,41,55,,,,
B White,Def,293000,330000,0.5,4,28,,,41,34,85,62,,
A Johnson,Fwd,280000,293000,0.2,2,32,,,,,,48,57,
B Williams,Def,437000,511000,0.4,7,83,53,83,114,68,,65,84,74
B Hardwick,Def,431000,440000,0.4,8,58,82,82,67,29,55,84,71,68
B Crocker,Fwd,310000,318000,0.3,7,65,49,51,43,65,51,,35,30
C Glass,Def,328000,318000,0.3,2,58,,,,42,41,,,
D Houston,Def,511000,540000,0.4,8,68,76,63,72,69,89,79,101,83
D Lloyd,Fwd,316000,427000,1.0,8,71,76,48,87,57,53,95,55,52
D MacPherson,Fwd,389000,465000,1.4,5,96,97,98,61,53,48,,,
H Greenwood,Mid,555000,568000,1.2,8,67,52,81,75,91,86,70,102,105
J Silvagni,Fwd,402000,342000,3.5,4,72,29,,,58,45,34,,
J Parsons,Fwd,327000,346000,0.4,6,47,78,45,43,,39,57,,64
J Joyce,Def,399000,384000,0.2,7,73,33,71,72,67,30,69,42,
J Smith,Def,575000,557000,0.2,1,113,52,,,,,,,
J Wagner,Def,467000,431000,0.1,5,95,61,62,80,50,33,,,
M Hartley,Def,372000,361000,0.3,4,48,49,39,,56,70,,,
N Broad,Def,390000,349000,0.2,4,74,,,,,56,50,40,36
R Nyhuis,"Def,Fwd",310000,316000,0.4,1,39,,,,,,,,60
S Murray,Def,170000,486000,62.3,8,55,76,54,90,85,69,78,101,75
T Papley,"Mid,Fwd",555000,433000,1.0,8,81,63,65,65,57,67,72,38,63
T Phillips,Mid,587000,645000,0.5,8,119,67,131,93,100,72,128,114,49
J Gallucci,"Mid,Fwd",285000,327000,3.1,4,57,,,,,45,88,49,21
M Poholke,"Mid,Fwd",170000,206000,12.0,3,25,,,,,54,30,,28
J Allison,Mid,419000,389000,0.1,3,84,,,,,56,60,28,
J Berry,Mid,423000,480000,1.0,8,79,106,65,55,48,119,77,40,75
C Cox,Def,321000,317000,0.2,2,58,,52,33,,,,,
M Eagles,Def,170000,179000,13.7,2,20,,,,,,,34,30
H McCluggage,"Mid,Fwd",431000,483000,1.9,8,75,59,69,82,56,99,62,77,67
O McInerney,Ruc,170000,250000,21.2,3,-14,,,,,,40,61,84
A Witherden,Def,604000,603000,2.4,8,100,72,77,80,97,123,83,71,91
Z Fisher,Fwd,318000,499000,6.6,8,71,72,83,73,53,97,109,57,71
S Petrevski-Seton,"Mid,Fwd",478000,455000,8.3,8,74,76,93,44,59,76,63,66,66
C Polson,"Mid,Fwd",185000,186000,16.6,2,37,,40,8,,,,,
C Brown,"Mid,Fwd",285000,385000,1.7,6,64,,48,72,70,57,81,,31
J Begley,Fwd,308000,304000,0.5,5,86,60,53,62,21,5,,,
A McGrath,"Def,Mid",496000,458000,7.2,7,62,92,45,72,52,48,87,80,
B McNiece,Def,254000,300000,0.7,3,30,,,,,,62,54,50
K Mutch,Mid,170000,265000,16.7,3,9,,,,,,71,66,43
B Cox,"Def,Fwd",370000,359000,0.1,2,57,,,,,,,45,58
T Duman,Def,170000,238000,6.5,4,22,,,,,59,42,26,52
L Ryan,Def,530000,519000,2.9,8,68,71,113,71,58,82,79,47,114
B Ainsworth,Fwd,420000,374000,0.3,8,33,60,44,53,35,40,47,90,70
J Bowes,Def,351000,382000,1.0,7,64,75,61,,45,58,55,70,42
B Scheer,Fwd,215000,267000,1.3,2,8,,,,,,,74,57
M Spencer,Def,348000,324000,0.1,2,69,,,,,,40,32,
Z Guthrie,Def,237000,297000,4.5,6,55,84,47,62,24,,21,56,
J Henry,Fwd,170000,311000,3.4,7,30,,28,56,50,34,47,96,35
M O'Connor,"Def,Mid",193000,209000,9.3,2,13,,56,0,,,,,
B Parfitt,"Mid,Fwd",395000,553000,6.4,6,52,101,63,79,138,89,0,,
E Ratugolea,Fwd,170000,341000,12.0,8,41,39,0,84,42,55,59,63,52
T Stewart,Def,424000,531000,1.8,8,52,66,96,84,78,65,62,103,110
I Cumming,Def,170000,184000,7.1,1,9,,,,,,,,52
H Perryman,Def,366000,357000,0.2,1,68,,,39,,,,,
T Taranto,"Mid,Fwd",433000,618000,27.3,8,82,112,91,52,120,95,100,93,104
J Cousins,Mid,308000,330000,0.3,3,49,,,,,65,50,43,
H Morrison,Def,396000,464000,0.9,6,68,,,58,77,61,106,61,63
M Hannan,"Mid,Fwd",403000,418000,0.4,4,45,38,,,,,99,38,93
C Maynard,Mid,412000,414000,1.1,1,66,62,,,,,,,
J Simpkin,Fwd,345000,370000,0.4,8,35,60,66,43,42,31,77,60,74
C Zurhaar,Fwd,234000,269000,0.4,3,36,,,,,60,42,37,
T Marshall,Fwd,254000,314000,1.4,4,46,58,56,54,38,,,,
S Powell-Pepper,Mid,492000,488000,1.3,4,75,82,63,59,,,,,87
S Bolton,Fwd,241000,230000,10.7,2,35,13,52,,,,,,
J Graham,Mid,450000,446000,7.3,7,42,87,48,59,44,,46,108,85
B Long,Fwd,215000,349000,2.9,7,35,68,30,30,74,82,39,65,
R Marshall,Fwd,317000,353000,0.5,4,56,,,82,48,,,43,52
E Phillips,Mid,170000,203000,9.6,1,-13,,,,,,,,86
O Florent,Fwd,272000,363000,1.8,8,45,24,83,43,60,54,70,37,72
R Fox,Mid,284000,273000,1.3,4,47,35,39,,,,47,33,
W Hayward,Fwd,357000,419000,0.7,8,42,79,30,88,32,56,75,74,78
B Ronke,Fwd,170000,308000,13.9,3,-31,,,,,,78,56,121
T English,"Ruc,Fwd",187000,425000,56.5,7,77,78,35,86,90,107,38,39,
P Lipinski,"Mid,Fwd",322000,375000,1.1,4,34,,,,,54,68,61,76
L Young,Def,332000,328000,0.2,2,55,,,,,,,53,41
W Rioli,Fwd,170000,329000,17.7,7,25,,25,44,62,60,40,80,59
D Venables,Fwd,170000,245000,22.7,4,17,33,67,30,53,,,,
J Waterman,Fwd,170000,374000,30.2,8,47,44,54,96,47,49,77,48,67
D Fogarty,"Fwd,Mid",248000,286000,18.9,4,32,49,52,,28,,,63,
L Murphy,"Def,Fwd",170000,238000,22.1,3,-2,34,61,66,,,,,
Z Bailey,Mid,242000,310000,1.4,5,14,,,,24,46,60,67,67
C Rayner,"Fwd,Mid",270000,338000,33.5,8,59,35,24,52,85,42,52,63,35
P Dow,Mid,266000,335000,19.8,8,42,47,37,62,36,50,53,74,42
L O'Brien,"Def,Mid",252000,323000,2.2,5,29,,,,49,68,32,57,71
F Appleby,Def,170000,227000,1.6,3,-2,,,,,,37,51,65
J Stephenson,"Fwd,Mid",260000,441000,19.5,8,69,61,57,33,89,88,72,86,40
M Guelfi,Fwd,170000,283000,18.0,3,-8,,,,64,72,73,,
B Banfield,Mid,170000,386000,39.6,8,58,54,68,52,75,66,56,73,47
A Brayshaw,Mid,268000,399000,30.5,8,37,45,71,43,46,75,58,78,74
A Cerra,Mid,262000,368000,1.3,7,37,,66,48,27,84,45,78,60
M Crowden,"Fwd,Mid",170000,295000,13.1,7,69,,33,65,78,61,39,26,27
C Ballard,"Fwd,Mid",188000,214000,4.2,2,14,,,,,,,46,46
B Crossley,Ruc,170000,220000,16.6,2,3,,,,,,,69,44
L Fogarty,"Mid,Fwd",228000,410000,2.9,7,49,72,42,67,67,96,46,71,
T Kelly,Mid,224000,491000,48.6,8,68,81,115,79,63,70,82,92,65
Z Giles-Langdon,Fwd,170000,270000,11.5,5,26,55,60,,,,33,36,62
N Shipley,Mid,170000,170000,7.7,2,36,,,,,,37,6,
H Jones,Mid,170000,170000,0.2,1,27,,,,,,0,,
D Mirra,Def,170000,259000,25.5,3,3,,,,56,64,58,,
J Worpel,Mid,182000,202000,5.9,2,23,,,,,,49,27,
B Fritsch,Fwd,210000,422000,30.3,7,21,74,60,47,47,,88,91,89
C Spargo,"Fwd,Mid",214000,299000,12.5,3,23,,,,,,75,71,39
L Davies-Uniacke,Mid,264000,259000,11.0,5,52,27,70,26,32,,26,,
J Higgins,"Fwd,Mid",238000,351000,11.2,5,38,,,51,,85,50,57,63
H Clark,Mid,258000,295000,2.2,5,32,51,28,,,50,,57,52
N Coffield,"Def,Mid",256000,371000,28.0,6,53,,,73,69,79,21,70,61
T McCartin,Fwd,206000,214000,0.7,1,23,,,,,,,,46
A Naughton,Def,254000,342000,21.5,8,78,41,61,49,62,53,67,63,3
E Richards,Def,240000,339000,1.7,7,54,,46,85,53,52,60,27,61
B Ainsworth,Mid,208000,234000,2.6,2,3,,,0,,,,,78
J Petruccelle,"Fwd,Mid",196000,183000,3.5,2,31,,,,,,13,35,
L Ryan,Fwd,220000,323000,29.7,3,0,51,91,78,,,,,
,,,,,,,,,,,,,,
