player,round_1,round_2,round_3,round_4,round_5,round_6,round_7,round_8,round_9,round_10,round_11,round_12,round_13,round_14,round_15,round_16,round_17,round_18,round_19,round_20,round_21,round_22,round_23
R Atkins,114,72,53,83,85,105,72,83,111,130,60,99,,89,47,102,45,87,65,60,103,61,61
L Brown,71,48,44,32,54,76,49,53,96,66,58,,,44,63,69,73,59,38,74,69,61,32
B Crouch,,,,,119,83,71,78,102,100,101,95,,116,131,111,108,107,,129,73,96,133
P Dangerfield,118,139,117,93,117,76,119,88,156,125,131,,116,134,142,150,140,112,88,,130,126,114
R Douglas,99,46,112,78,61,93,108,97,83,70,78,91,,62,81,67,77,98,92,79,97,47,65
K Hartigan,73,63,49,42,33,48,58,34,43,49,23,62,,48,7,,,,,,,,45
R Henderson,69,88,107,76,,,,117,82,83,84,94,,120,93,65,70,103,64,70,98,88,
S Jacobs,65,106,95,108,82,158,99,132,84,104,93,117,,90,75,77,97,101,99,125,68,106,106
J Jenkins,92,2,,,,52,76,68,,113,62,101,,98,126,111,74,56,76,90,130,87,48
S Kerridge,,0,39,,,,68,,,,,,,,107,111,91,86,92,70,99,100,62
R Laird,142,83,92,111,113,113,102,111,114,78,65,115,,82,76,135,109,74,78,109,98,116,93
T T. Lynch,54,139,100,83,101,108,39,66,119,71,90,115,,98,,,130,83,77,101,90,107,46
J Lyons,75,102,86,97,100,96,96,97,,65,133,118,105,84,133,113,53,,,,64,,78
D Mackay,89,67,51,74,72,78,51,56,,68,58,,,,77,85,83,47,88,4,102,81,45
S McKernan,85,67,,,,,,,,,,,,46,,,,,,,,,
A Otten,37,81,74,55,99,88,79,49,69,107,40,48,,33,,88,35,39,64,,,,
R Sloane,68,152,139,143,132,155,65,63,111,157,92,62,,89,83,105,34,134,47,124,97,153,149
B Smith,70,63,67,110,79,96,43,88,44,68,53,90,,77,100,80,73,80,106,82,120,82,82
D Talia,18,73,40,46,3,80,91,64,69,66,9,52,,83,33,68,71,40,45,52,33,41,
S Thompson,,,,,,,,,,,,,,,,33,,,,,,,
B Vince,103,,47,90,73,91,95,59,55,68,,59,67,113,69,88,69,,,119,66,52,99
T Walker,,92,110,121,73,87,32,74,103,37,85,92,,69,57,98,113,58,59,115,72,65,
M Wright,87,102,43,72,59,89,70,72,63,101,,80,64,80,61,84,82,84,79,94,55,63,93
C Beams,,,,78,77,83,43,31,17,,,,,,,,,,0,,58,62,73
R Bewick,74,41,79,76,,,,64,,,,,,45,83,38,,,0,,,,
M Close,42,45,,,,53,70,27,55,,,,,,,,,,57,,41,48,60
J Crisp,72,47,101,84,113,108,75,63,100,79,84,54,,96,107,92,87,121,64,106,124,72,93
S Docherty,90,101,96,132,108,159,101,127,119,130,,149,143,126,132,152,111,93,117,97,78,143,66
J Green,46,,,48,66,45,59,53,71,37,55,48,,66,43,39,53,,,73,48,59,
P Hanley,60,,,,,,,,,30,121,72,50,75,26,,69,75,96,82,,101,82
R Harwood,22,27,,,69,58,73,75,58,,,53,26,,,,,,,,,,
R Lester,63,76,64,70,70,67,94,106,87,42,,93,105,60,71,36,39,102,85,84,73,73,34
M Leuenberger,,,108,71,86,,67,65,103,,,,,,,,,,,,76,,
B Longer,,,,,70,61,56,64,58,125,,84,42,58,91,100,,86,74,112,85,64,103
S Martin,101,121,126,114,121,86,104,134,107,64,,120,69,104,74,85,79,99,113,90,112,82,90
S Mayes,68,65,79,93,105,74,68,37,65,76,,110,108,65,108,93,65,113,67,,88,68,61
M Paparone,,,,,,,106,38,46,57,,85,80,,,,,,,,,,
J Polec,78,75,70,44,100,72,88,127,,122,103,80,63,,87,54,91,61,108,73,74,101,67
J Redden,111,62,57,77,70,73,65,72,50,,,,,,94,,118,105,104,89,86,98,89
D Rich,48,48,107,88,72,66,57,77,85,45,,88,78,26,88,81,75,85,103,101,67,73,106
T Rockliff,127,123,106,157,124,100,167,130,,,,95,74,96,90,91,70,44,93,93,123,80,77
E Yeo,120,103,81,116,73,152,124,110,81,118,106,,98,87,78,86,,97,82,75,81,113,84
D Zorko,116,108,117,139,157,76,97,125,119,124,,131,157,45,124,181,48,119,,94,82,125,116
D Armfield,26,66,,,,,,,,,,,,,,,,,,72,44,,63
T Bell,35,58,71,62,,,,67,54,,,,,,,,,,,,,,
E Betts,85,70,88,115,74,73,69,42,94,70,53,67,,65,78,59,70,56,,103,34,86,72
D Buckley,,,,,,,,,,,,,,,,,26,,,,,,
L Casboult,61,61,43,90,80,66,52,60,57,63,,61,72,59,88,74,57,56,87,51,55,49,40
E Curnow,77,86,100,107,65,110,110,63,116,117,,77,64,54,,,,,,,,,
J Garlett,63,87,52,106,56,62,72,72,35,138,,70,102,11,,59,71,62,71,10,36,48,94
B Gibbs,105,93,136,95,101,102,98,103,133,145,,108,194,104,160,117,113,37,97,125,101,105,95
N Graham,,0,,,,91,101,76,83,71,,0,,81,93,,97,75,,,,,66
L Henderson,84,49,35,75,75,52,0,,47,78,69,,53,,57,107,106,64,68,97,76,76,66
M Kreuzer,120,70,127,70,,102,98,92,119,132,,149,112,101,122,118,95,89,57,124,111,91,107
J Laidler,58,67,,,,51,,,,,,,,,,,,,,,,,
T Menzel,68,,,61,31,,,52,,,,,,,,,,,,,,,
M Murphy,139,125,145,124,97,100,103,122,107,90,,104,104,90,130,132,105,92,93,107,117,103,115
M Robinson,58,96,79,122,89,112,23,,,,,,,,,,,,,,,,
S Rowe,36,20,67,45,17,47,24,66,8,,,,,,,,,,,,,,
K Simpson,126,53,90,97,102,161,101,102,74,92,,71,137,83,99,123,105,81,64,96,79,95,118
Z Tuohy,101,69,69,96,131,117,100,67,95,94,98,,72,112,64,65,76,87,69,96,63,86,56
J Waite,97,,,,,,150,,41,53,49,,46,88,111,,,88,38,,,,
S White,49,58,78,43,70,69,46,50,,,,,,,79,28,,,46,,,,
D Beams,103,113,124,94,126,68,,,144,116,,145,60,5,,71,95,142,144,80,143,138,76
J Blair,61,38,,60,,,,59,51,42,,,,,,,61,39,62,89,33,43,
T Broomhead,,48,97,44,65,62,35,,,74,65,84,,50,77,50,,,,,,61,84
N J. Brown,27,21,38,54,17,43,16,30,16,43,,19,26,18,10,7,18,14,15,18,23,16,20
T Cloke,71,95,30,60,,,,,66,,,45,,,,,,,53,89,72,56,
J Elliott,,,,34,85,53,91,88,80,102,95,,,,49,98,58,67,63,82,63,74,107
A Fasolo,115,49,97,52,58,55,51,75,35,82,,68,,70,103,89,91,70,80,51,29,,
J Frost,,22,9,,,,,,,,,,,,,,,,,,,,
T Goldsack,39,55,61,42,62,45,50,67,65,50,40,,,62,45,52,58,56,54,46,63,,59
B Grundy,94,123,133,118,86,93,83,111,119,107,103,158,,105,95,72,86,127,108,103,,,100
B Kennedy,,0,,,,,,,,,,,,,,,,,,,,,
S Pendlebury,135,110,115,84,70,141,109,88,144,125,112,126,,117,90,92,84,,,,,,
J Ramsay,82,50,62,69,54,,65,,,,36,,,,36,,,,,,,,
B Reid,56,61,78,97,49,,113,60,,,,,,85,,63,76,68,57,54,88,35,
P Seedsman,,,,,,,,,,,,,,,,,,,80,,,,92
H Shaw,86,72,78,75,81,96,106,85,68,92,113,98,,29,84,118,72,68,64,79,76,84,42
S Sidebottom,124,64,126,113,90,108,65,101,109,139,127,133,,124,100,108,110,71,116,92,113,92,102
D Thomas,71,73,72,69,,,83,84,30,,,84,84,82,76,72,,33,53,100,84,68,75
J Thomas,,,,,,,,,,,,,,,80,66,75,46,50,79,63,57,62
M Williams,38,62,68,48,87,56,38,60,59,67,56,,70,47,,,,,,,,,
J Witts,104,90,79,86,66,61,121,96,,97,89,115,83,109,96,110,105,78,77,,,,
M Baguley,78,77,47,61,64,64,50,21,120,80,57,23,,53,47,71,79,47,76,51,,92,108
T Bellchambers,,,,,,91,,,,74,110,78,,74,55,84,107,69,61,60,,116,114
J Carlisle,37,35,40,84,35,81,66,74,65,79,,17,52,77,82,50,98,60,74,52,77,56,83
T Colyer,63,92,68,124,56,93,49,41,99,68,60,69,,69,39,74,92,46,67,48,39,,72
S Crameri,68,53,,,,,,,,,,,,,,,,,,,,,
J Daniher,98,72,45,98,101,110,91,102,94,80,73,98,,77,61,101,101,76,127,69,76,46,68
M Gleeson,57,35,69,,,69,37,,,,73,50,,64,87,60,97,64,27,55,83,78,95
B Goddard,127,97,126,106,89,107,93,110,114,99,66,88,,89,102,100,102,93,103,79,109,110,129
D Heppell,156,96,115,66,93,96,95,100,88,124,77,128,,61,81,96,86,101,105,138,74,111,121
M Hibberd,,,,,97,84,73,107,106,98,,57,100,78,107,67,105,129,104,97,84,94,79
H Hocking,,,43,,,,,,,,,,,,,,,,,,,,49
C Hooker,57,75,39,51,84,71,94,70,78,50,72,114,,,84,30,76,111,61,96,83,89,0
B Howlett,,53,,,,60,,,,,48,55,,58,,,,,,61,56,,
M Hurley,77,70,64,85,94,108,99,100,100,95,79,86,,105,94,122,113,69,122,93,108,,
J Melksham,60,80,87,49,55,54,,,,117,,51,59,75,58,85,83,71,40,58,85,124,73
D Myers,,,,,,,41,63,83,53,52,39,,,,103,73,57,54,84,55,84,64
P Ryder,80,58,92,,87,84,131,82,,73,78,67,98,77,119,135,89,103,95,88,65,115,110
B Stanton,99,66,75,86,46,,61,,,,72,,,,,,,,,,,,
J Watson,122,104,119,54,95,48,,103,116,78,122,115,,90,125,68,,82,74,36,55,,84
D Zaharakis,88,86,62,111,72,88,62,120,137,131,66,113,,105,66,121,120,100,112,96,106,130,101
H Ballantyne,,,,,,,,,,,,,,76,56,29,54,47,49,61,32,86,69
M Barlow,94,90,97,44,127,88,112,88,,93,108,114,82,,,,,,,,,,
H Crozier,,,89,61,61,77,58,75,71,62,43,49,,43,70,60,89,70,72,75,,89,45
Z Dawson,23,22,,,,,,,,,,,,,,,,,,,,,
M de Boer,,,,,,,,,76,42,54,85,,46,58,72,6,,70,58,53,40,
N Fyfe,110,116,110,95,87,64,95,75,90,80,99,82,,,89,114,109,88,120,132,107,95,88
J Griffin,80,62,,,,,,,,62,89,71,,,,,,,,96,,,85
S Hill,103,73,113,70,95,,,,69,54,75,66,,64,,71,73,71,97,101,92,71,56
G Ibbotson,65,46,62,39,57,56,65,51,44,63,,,,,,,,,,,,,
M Johnson,50,47,54,75,93,74,72,82,74,44,56,71,,71,95,65,50,56,91,80,25,62,63
C Mayne,72,64,53,,,,,,,,,,,,,,,,,,,,
S Menegola,,,102,133,,93,108,91,92,99,86,,65,124,113,84,75,79,103,120,110,132,131
D Mundy,84,93,144,111,79,65,71,89,100,46,81,90,,79,114,,78,67,56,74,54,85,109
T Mzungu,18,,,,,,,,,,,,,,,79,32,28,,,,,
L Neale,92,97,88,119,86,114,138,96,106,60,104,108,,96,117,100,114,95,106,152,32,,86
D Pearce,78,70,,,,,,84,75,56,,,,,,,,,,55,55,,
A Sandilands,86,64,91,95,88,89,77,83,77,,,,,,15,,,,,,,,
T Sheridan,,0,53,60,60,66,,,,,,30,,43,65,33,,,,,,,45
A Silvagni,,,,,,59,76,60,70,84,,4,,,,,54,,,,,,
L Spurr,111,89,59,60,92,56,86,66,46,63,41,75,,84,111,,53,43,,,,,
N Suban,60,50,,,,,,,,,,,,63,96,59,67,51,67,80,40,67,70
C Sutcliffe,72,67,,,,,66,59,41,66,58,58,,0,,,,,99,45,50,39,57
M Taberner,,0,,,,,107,90,40,33,34,,,,,,,,,,93,49,65
M Walters,35,60,65,78,35,37,88,137,118,38,59,111,,122,145,116,70,39,,,,,
G Ablett,105,69,138,118,118,162,120,108,,,117,153,91,,127,,152,,,85,,,
H Bennell,,,,,,,,,,,,,,,,,,,,,,41,52
C Dixon,75,96,74,59,47,125,124,87,,66,128,36,59,62,77,89,92,63,69,77,81,112,84
A Hall,109,75,122,98,102,54,156,134,,117,106,71,74,,,,72,92,152,44,95,110,83
J Harbrow,,,107,80,69,104,96,114,,78,64,,,116,88,61,75,59,83,50,94,52,95
J Lonergan,,0,,,,40,,,,,,84,56,74,89,60,,51,85,,,20,
T J. Lynch,72,52,93,132,85,80,108,36,,66,94,100,34,66,117,76,60,73,88,94,,,
B Matera,,,107,138,55,73,62,75,,105,80,84,46,,,,,,,,,,
S May,63,81,91,58,,,90,78,,72,95,118,64,76,92,68,10,,,78,69,99,91
T McKenzie,,,,,,,,,,,,,,,,69,59,42,,57,59,109,61
J O'Meara,65,83,62,,,60,,,,,,,,,,,,,,,,53,101
D Prestia,103,79,63,83,55,61,,,62,65,137,,86,54,80,54,82,64,,125,117,98,89
M Rischitelli,,,,,,,,,,,,,,,,,77,53,35,,,,45
H Schade,33,56,77,56,50,53,,49,52,,,,,,,,,,,,,,
A Sexton,46,43,82,46,80,95,104,29,,58,92,42,49,46,87,110,11,43,34,92,51,,
M Shaw,,,,,,42,,,,,,,,68,,,,,,,,,
Z Smith,,,106,69,90,54,,77,148,80,85,,88,,66,86,57,47,110,96,75,89,100
D Swallow,0,89,120,47,60,,92,,,77,75,86,90,62,109,107,117,85,63,,104,87,76
R Thompson,53,63,49,,,,,0,,,,,,47,33,54,36,,,,,,
M Weller,72,49,73,85,80,102,,62,89,69,,80,73,54,45,,,,37,74,81,56,57
J Bews,,,,,,75,61,44,39,34,,,26,55,54,65,46,71,51,25,61,69,41
M Blicavs,45,83,106,39,115,61,34,33,80,86,72,,,126,79,120,85,96,,,,,66
M Brown,,,63,87,62,43,,,,,,,,,,,,,,,,,
J Caddy,61,93,43,57,84,62,88,83,,72,94,,87,70,93,87,63,72,54,142,11,,
J Cowan,54,35,,,,,,,,,,,,,,,,,,,,,
M Duncan,128,106,95,113,134,117,128,91,169,109,97,,100,99,95,128,99,104,117,120,,117,98
C Guthrie,,,32,92,58,69,59,67,,76,61,,111,83,74,31,57,55,50,67,101,81,84
J Hamling,33,43,51,28,50,59,76,56,65,76,44,53,,80,83,32,26,76,37,51,36,30,49
T Hawkins,78,71,111,101,54,47,66,84,65,75,49,,,80,54,88,53,64,158,93,,,98
G Horlin-Smith,58,59,,,81,100,62,64,,,,,,91,,,,,,,,,
T Hunt,16,,,,,,,,,,,,,,,33,,,,,,,
S Johnson,88,78,51,,76,48,56,104,44,,,73,,112,87,,66,46,,82,60,,25
J Kelly,81,70,80,76,74,,53,99,109,80,,84,,63,38,113,138,48,64,,86,90,94
S Kersten,26,59,72,62,63,54,88,98,63,37,37,7,,24,,45,32,88,74,54,30,,30
T Lonergan,35,30,44,57,47,81,42,48,52,,57,,42,74,56,60,64,44,72,60,67,58,64
A Mackie,79,63,64,83,98,103,96,53,78,75,113,,55,88,74,58,,,103,96,74,78,69
L McCarthy,73,40,53,,,,,,,,,,,,,,,,,,,,
D Menzel,73,91,83,63,63,,63,57,36,49,46,,81,84,0,,90,27,,,44,61,88
S Motlop,70,70,77,125,55,90,61,72,77,73,86,,66,69,53,78,46,39,,,62,60,61
J Murdoch,74,47,60,60,80,60,63,,91,75,72,,74,80,76,82,72,60,131,78,59,72,91
J Selwood,99,119,137,105,175,60,93,70,116,122,117,,48,2,,113,94,115,59,64,,,
D Simpson,,,,,,,,,,,,0,,,,,,,98,,59,,
B Smedts,61,54,,,,65,26,,,,,0,,29,,,,,,30,58,46,43
H Taylor,48,45,25,74,72,100,59,45,99,30,99,,61,80,89,60,71,71,66,58,79,44,65
J Thurlow,37,43,41,53,47,,39,,,,,,,0,,,,,51,90,84,67,
T Varcoe,60,,66,59,63,48,,,,,,,,,,45,33,55,,,,,
N Vardy,48,69,56,67,63,35,49,86,78,81,55,,100,96,73,56,47,46,0,0,78,55,79
J Walker,,,,,,,,65,51,,,,,,67,0,62,87,60,72,69,75,67
T Adams,151,99,137,107,88,148,117,115,116,97,131,81,,111,95,87,105,106,151,124,128,132,97
J Bruce,47,72,73,79,53,67,30,45,,,,90,70,85,76,81,69,72,51,60,57,86,59
T Bugg,,,,78,,47,64,58,62,72,,57,82,48,35,,,,,,,,
M Buntine,54,37,,,,,,,,,,,,,,,,,,,,,
J Cameron,78,117,103,86,123,69,81,133,70,82,98,57,,132,73,88,,,67,,,61,70
S Coniglio,,,,,,,115,82,,,,,,,,,,,104,101,88,97,83
A Corr,,,43,36,29,71,35,3,67,54,38,67,,37,63,61,36,57,55,50,57,55,50
P Davis,61,50,30,76,49,,50,70,32,45,56,49,,49,67,60,12,97,60,51,71,41,56
S Frost,,,,63,67,77,77,69,71,42,,39,63,48,48,63,36,45,32,32,,,
J Giles,,65,66,67,,52,23,,,,,,,,,,,,,,,,
T Greene,72,102,87,91,77,97,,,84,114,98,111,,117,,,85,77,,,74,92,85
C Hampton,66,66,90,41,119,48,45,52,46,,,,,,,,,,,,,,
N Haynes,59,64,53,102,107,87,,,,,,,,32,108,55,75,52,78,67,95,77,49
W Hoskin-Elliott,95,124,94,72,52,100,53,81,83,66,88,71,,78,91,90,85,87,74,97,84,85,118
A Kennedy,38,72,59,56,60,53,14,,,,,,,,,,,,,,,,
A Miles,,,,,,,77,,37,,,,,,,,93,0,95,64,,,
T Mohr,,,,,,,,,,41,,,,,,,,,,,,,
R Palmer,,,42,,,,,,,,,,,,,,,,,,,,
J Patton,46,0,,93,61,78,41,87,39,63,60,52,,133,93,108,87,55,51,,91,59,58
A Phillips,,,,,49,,,,,,,,,,,,,,,,,,
L Plowman,87,58,84,37,79,54,53,59,66,52,,50,54,26,41,96,61,56,47,53,62,77,
T Scully,97,49,93,109,91,91,116,89,68,,69,75,,71,82,91,92,83,55,100,65,84,43
D Shiel,84,93,98,112,72,85,99,98,90,88,117,122,,118,80,98,118,66,91,95,110,68,78
D Smith,67,98,95,67,87,96,102,89,,,,,,,66,92,67,89,77,90,,64,54
J Stewart,,,,,,,,73,59,56,47,85,,43,55,68,82,57,73,30,70,54,68
L Sumner,,,,,,,,,,47,,25,,,32,,16,,,,,,
A Tomlinson,59,65,49,80,72,55,41,49,61,64,55,31,,38,73,112,62,56,55,41,,33,42
J Townsend,,,,,,,,,,,,,,,,,,,,,,107,83
A Treloar,125,127,134,93,144,82,82,,126,109,117,116,,122,98,57,101,114,119,103,107,99,93
D Tyson,,146,60,116,73,113,85,76,83,97,,82,81,100,86,,,111,92,71,80,77,74
C Ward,69,84,99,57,77,73,77,77,68,120,81,95,,122,119,138,84,114,86,107,75,113,123
L Whitfield,,,,,,,,97,105,80,116,125,,103,123,82,93,82,88,82,89,130,74
Z Williams,106,69,88,81,92,107,61,83,57,93,131,61,,45,,,79,102,77,73,112,66,78
N Wilson,,53,46,64,65,61,81,100,77,80,67,63,,80,110,75,34,86,63,74,75,81,54
J Anderson,,,,,,45,53,72,,,,,33,,,,,,,,,,82
G Birchall,69,84,,,,,19,,,,,,,95,77,,,,,,,,
K Brand,,,62,68,80,74,,,,69,48,34,,49,95,50,72,72,61,41,61,65,72
L Breust,62,95,24,72,96,38,69,97,72,81,68,,,31,104,65,61,107,65,100,103,39,46
S Burgoyne,69,71,87,73,94,62,92,79,46,100,78,89,,114,94,107,66,82,88,68,64,92,75
T Duryea,40,,,,,,,,70,82,68,69,,96,89,49,61,58,76,36,45,64,73
L Franklin,110,127,83,81,88,69,133,99,90,99,,101,61,84,109,108,101,90,68,37,129,76,171
J Gibson,45,36,64,52,63,78,59,49,31,78,70,18,,,,,,,,,,,
J Gunston,60,115,85,81,102,62,58,77,83,81,29,138,,51,93,63,98,132,70,70,127,88,106
M Hallahan,,,,,,,,,,,,,,,,,,,,88,,94,67
B Hill,60,109,94,83,98,78,159,123,89,50,79,111,,112,121,92,109,77,95,119,31,93,79
L Hodge,,86,80,128,79,106,90,109,80,91,85,0,,63,105,70,77,86,100,,120,46,47
W Langford,93,91,45,44,72,55,114,66,68,,,81,,89,81,81,75,41,74,41,69,68,57
J Lewis,119,68,,,,104,104,76,79,105,,44,101,73,52,90,103,78,107,102,94,98,91
S Mitchell,111,88,78,75,,102,81,104,81,97,107,,117,69,66,78,77,,101,84,79,87,117
T O'Brien,,,,34,94,58,95,76,,,,93,,36,79,40,33,57,75,61,45,49,90
P Puopolo,76,83,34,49,92,50,47,93,104,50,42,49,,69,,,,,,,,61,102
C Rioli,42,70,63,60,76,,47,59,,,,,,,,,,,,,,,
J Roughead,79,73,84,56,67,69,107,77,75,71,98,84,,81,78,76,77,79,113,119,94,63,132
S Savage,52,45,59,,,,,,,88,,,,,,94,106,103,68,112,96,81,73
R Schoenmakers,57,,,,,,,,,,,,,55,71,60,61,56,59,54,36,20,53
L Shiels,77,68,90,75,121,73,55,120,103,133,78,92,,90,94,68,122,99,108,76,60,,105
I Smith,87,74,93,123,91,66,115,62,103,133,80,93,,72,73,53,87,86,114,96,124,107,102
B Stratton,44,62,51,45,78,55,72,21,,,,,,,0,,,,,,,,
M Suckling,90,70,106,101,78,87,97,70,52,62,,71,99,83,57,84,87,81,71,62,74,78,63
B Whitecross,,,56,,,,,,52,83,51,64,,,,,,68,73,36,,,
L Dunn,,,,,,54,52,49,71,69,76,71,,37,47,57,59,39,43,72,59,61,40
J Fitzpatrick,,,,,,,,48,,,,,,,,,,,,,,,
J Frawley,59,49,57,58,76,82,69,46,,,,,,,,,,,,,,,
M Gawn,111,95,32,,,,,,,,,,,96,81,76,79,83,113,140,75,65,70
J Howe,114,70,75,108,110,76,55,91,125,66,83,95,,118,89,,64,101,114,96,89,67,83
N Jetta,75,90,75,57,37,52,53,59,51,60,,45,55,39,76,57,41,74,78,79,53,65,68
N Jones,126,100,131,77,74,91,123,124,93,123,,118,72,,,,,,,92,118,105,101
D Kent,,0,106,68,,,,85,60,,,,,,,63,37,,,,,,
T McDonald,104,77,78,69,64,116,81,92,88,57,,66,108,103,77,83,53,81,86,109,77,30,42
C Pedersen,,,,,,98,97,94,120,97,,75,96,65,65,57,61,,,45,125,123,33
J Spencer,,0,,77,28,,,,,,,,,,,,,,,,,,
J Toumpas,,,,,,,,,,,98,52,,,,,,,,,,,
J Trengove,,,,,,,,,,,,,,,,,,65,32,,,,
J Viney,84,80,101,88,78,74,145,132,94,98,,96,74,107,64,,,90,80,81,66,,
J Watts,59,90,113,80,79,102,66,60,44,99,,84,97,,,,,40,60,50,,,84
S Atley,51,69,70,55,83,41,55,67,55,74,67,,69,58,76,78,79,99,57,60,68,62,65
R Bastinac,86,41,,,67,,,,,59,,63,107,92,100,72,81,56,120,84,90,93,43
A Black,,,,,100,56,73,,,,,,,,66,,,,,,,,
B Cunnington,,98,77,111,91,41,112,105,89,50,50,,99,92,,94,128,61,81,83,83,135,80
D Currie,,,,,,,,,,,,,,,,,,,,70,73,,
M Daw,,58,,,,,,,,,,,,58,42,37,45,97,62,,,,
T Garner,,59,68,83,68,92,0,,72,55,50,,49,40,77,33,86,129,54,82,83,88,
S Gibson,79,106,67,81,70,77,77,101,88,69,93,,113,44,63,92,60,104,74,96,91,93,79
T Goldstein,90,,60,112,77,93,98,97,148,69,82,,83,87,89,99,58,,,71,32,98,104
L Greenwood,,,88,52,59,51,77,69,88,77,111,63,,84,72,52,,55,66,42,,,
L Hansen,35,65,96,39,49,67,84,57,39,77,54,,65,,,,,,,,,,72
J MacMillan,55,82,53,65,95,72,72,63,71,62,89,,,58,39,,,,,,,,
A Mullett,,47,93,70,87,79,,,65,51,59,,58,58,71,101,90,79,63,76,73,,90
D Petrie,47,,,,,,,,,74,84,,50,121,110,41,79,72,89,87,42,62,78
A Swallow,102,54,48,91,67,,,,81,,,,,89,79,72,111,62,105,75,100,83,71
R Tarrant,56,108,85,84,54,65,75,70,64,77,92,,75,53,56,70,77,0,52,71,100,64,80
L Thomas,65,59,56,67,21,,,,,,,,,,44,70,49,,,,,,68
S D. Thompson,58,44,,54,41,50,102,68,74,68,70,,47,39,33,95,36,75,59,62,58,70,86
D Wells,,,,,96,91,,82,76,88,26,,,,,,78,68,143,24,,,
M Wood,,,,,75,72,127,33,86,47,52,,53,43,62,,,,,,,,
J Ziebell,103,73,105,96,56,94,88,113,103,114,83,,110,90,62,120,89,,96,130,,61,
B Ah Chee,,,,,,,,64,,53,93,37,,,,,,,,,46,,
T Boak,97,91,103,87,53,,91,153,,58,96,88,65,75,94,111,97,120,46,103,83,133,72
M Broadbent,42,77,50,80,110,60,94,96,,38,91,84,66,,52,,,58,37,,,,
T Clurey,52,40,31,41,69,58,63,52,,48,52,77,58,69,53,39,38,42,47,24,59,43,65
B Ebert,116,106,104,96,149,96,113,103,,90,142,115,99,60,72,126,103,118,71,83,94,86,121
R Gray,21,138,90,74,125,81,37,61,,73,38,78,117,99,59,76,83,101,98,112,80,80,66
H Hartlett,81,0,65,63,,81,86,43,,43,91,50,52,81,61,78,77,60,77,63,88,82,86
J Hombsch,47,29,,,,52,81,83,,37,68,35,61,34,,23,,,46,58,,,
T Jonas,71,63,49,31,61,60,39,67,,58,31,68,52,86,78,67,39,55,67,95,62,73,
A Monfries,,,,,,,,,,,,,,,,,,,,22,,,
J Neade,,,,,,,,,,,,,56,48,64,,,,,,76,69,97
J Pittard,,,,89,98,90,113,91,,55,65,54,,73,64,58,56,,91,61,93,,79
J Trengove,58,55,57,78,78,87,63,64,,64,71,72,62,72,36,79,66,58,52,32,,,
J Westhoff,61,76,87,69,89,89,85,102,,100,69,133,91,53,86,106,122,76,49,60,76,66,82
O Wines,110,115,124,82,97,80,68,95,,111,110,107,119,95,104,108,114,104,85,66,83,106,113
C Wingard,90,70,59,55,122,85,132,98,,,,71,98,86,141,66,136,58,,,121,83,89
A Young,78,68,23,49,82,59,54,,,53,70,,40,46,,,,,68,25,,,
D Astbury,53,36,53,63,30,70,78,66,77,62,68,,96,60,64,85,68,36,85,80,45,71,72
J Batchelor,,,,,,,,46,,,,,,,,,,,,,,,
R Conca,84,69,103,50,56,49,,,,,,,,,,,,,,,,,
T Cotchin,98,119,103,70,90,123,92,94,106,101,148,,113,70,81,67,114,109,94,77,92,53,87
M Dea,,,,,,78,22,64,79,60,,,,,,,,,,,79,,
B Deledio,,,,,,,,,,,,,,,,,,,,59,48,82,102
S Edwards,59,86,,,,,,61,56,70,60,,53,45,53,64,69,57,72,61,67,58,64
B Ellis,51,68,74,78,61,60,96,56,73,126,105,,98,89,107,90,94,84,90,62,88,108,105
T Elton,,,52,39,33,,62,33,,28,,,,,,,,,,,,,
B Griffiths,58,25,,,,,,,,,,,,,,,,,,,,,
S Grigg,111,67,90,113,100,66,108,103,110,97,90,,80,114,82,124,56,71,84,85,72,153,123
D Grimes,57,27,41,47,40,32,25,64,54,48,50,,89,50,55,17,26,52,41,41,53,64,52
B Houli,47,78,89,76,89,60,99,69,86,123,129,,114,112,,,,,82,63,101,128,84
D Martin,139,86,156,63,125,107,99,90,122,133,164,,100,96,131,73,131,116,112,117,99,124,117
K Mcintosh,62,,94,51,50,55,59,68,61,58,92,,77,47,87,46,60,54,66,59,58,69,65
S Morris,,,,,,49,,,,,,,,,,,,,,,,,
A Rance,44,62,73,40,44,61,82,73,74,97,60,,66,73,83,48,37,63,91,61,60,78,66
J Riewoldt,83,71,108,94,84,66,91,65,72,94,103,,82,78,62,51,91,39,,,71,61,80
T Vickery,64,52,44,,,,,,35,69,64,,,,,,,,,,,,
N Vlastuin,91,46,38,43,,27,34,,,,,,,,,,81,87,80,52,92,92,93
M White,,,,53,,,,,,,,,,85,93,40,51,34,41,,,,
D Armitage,60,,,81,,,,,,,,,,,,,,,,,,,
J Geary,63,40,52,83,45,74,59,54,64,63,,66,70,58,73,66,64,82,35,66,58,85,2
S Gilbert,46,81,54,65,55,50,62,95,57,76,,69,70,41,60,90,43,,,,61,37,
T Hickey,43,86,96,75,,,,,,,,,,,,,57,,,0,,,
B McEvoy,84,60,73,101,129,103,124,108,95,86,81,90,,75,68,117,69,95,99,68,77,87,122
D Minchington,,,,,85,45,84,48,,57,,,,,,,,,,,,,
L Montagna,,81,135,84,107,108,82,90,98,123,,75,111,90,95,126,70,87,,,,,
J Newnes,78,67,82,123,91,99,101,110,10,143,,113,79,97,88,87,85,78,75,108,80,91,54
N Riewoldt,99,,137,122,72,110,51,87,90,,,,106,84,54,112,73,57,,59,,86,75
D Roberton,69,112,90,134,118,132,100,81,121,98,,78,101,74,68,68,105,78,76,81,92,72,38
S Ross,42,105,96,120,111,117,88,113,135,107,,113,115,80,107,134,71,113,109,92,87,107,82
R Stanley,81,63,,,,,68,61,,,,,80,73,71,106,56,53,,,71,,
J Steven,94,88,,,87,133,113,100,100,90,,102,65,112,63,122,109,66,82,90,60,117,83
J Webster,49,67,70,101,61,102,99,8,,,,89,58,52,56,,,72,79,91,46,57,46
N Wright,23,,,,,,82,,,,,29,,,,,,,,0,,,
S Biggs,73,84,60,,63,,,,,76,,75,62,71,77,,73,111,113,94,72,72,55
C Bird,,,,,,,,,,,,,,,,,66,,,,,80,
H Cunningham,46,56,,77,79,51,98,56,54,,,,,,,,,,,,,,55
H Grundy,81,42,59,82,56,36,85,89,61,25,,86,34,93,77,86,35,46,51,44,65,50,87
D Hannebery,49,79,125,79,84,103,115,117,159,108,,105,84,88,51,83,112,81,59,92,112,98,
B Jack,,,,,,47,,,,,,,,,,,,,,,,,
K Jack,74,66,64,59,49,,,,,,,54,56,73,125,90,112,65,70,69,109,66,68
L Jetta,36,,48,,,,,,,107,74,,76,77,61,67,64,79,,,59,45,78
J P. Kennedy,118,86,91,107,75,96,58,122,105,112,,112,102,118,100,,92,86,47,,,130,105
J Lamb,,,,,,,,,,,,56,80,1,,81,95,55,47,48,84,101,49
J Lloyd,87,113,108,110,88,104,99,106,122,2,,122,91,116,96,88,82,63,0,81,93,88,77
H Marsh,83,15,49,54,65,,64,53,,,,59,42,,,,,,,,,,
J McVeigh,,,,,,,55,45,,,,,,,96,72,75,78,79,94,82,89,63
T Membrey,68,78,77,80,63,106,72,61,61,68,,36,74,93,61,94,,,59,77,68,81,69
T Mitchell,128,125,115,125,122,125,136,132,177,108,118,141,,117,135,143,147,130,94,99,118,143,120
S Mumford,84,76,78,104,102,90,72,81,77,97,68,85,,77,84,61,112,84,,114,,66,76
S Naismith,79,62,74,,,,62,30,,,,67,54,46,74,50,68,49,50,,,,
L Parker,99,91,84,86,86,95,90,121,83,66,,108,83,100,148,117,79,95,105,116,113,87,113
D Rampe,52,,,,,,,,52,63,,63,54,60,75,110,52,54,92,64,89,54,68
S B. Reid,83,102,50,79,74,74,44,112,68,14,,94,,79,76,52,20,,,87,68,65,67
D Robinson,17,,,,,,,,,,,,,,,46,68,42,45,,,,
G Rohan,,,,,55,10,,,47,49,,,47,61,79,110,52,68,0,48,76,62,87
N Smith,51,45,40,56,43,38,40,48,101,50,,65,48,55,46,67,57,48,70,38,60,42,44
K Tippett,75,13,,,42,,,,64,89,,,,,,,,,,55,111,71,41
D Towers,45,,,,,,78,92,81,46,,53,22,68,74,83,54,84,78,30,88,35,65
J White,85,49,87,24,,,,,,,,,,,,,,,,,,,
M Boyd,87,71,94,71,81,,70,66,,,,86,,,,83,,,,,,,133
T Campbell,,96,64,72,63,,,,,,,,,125,86,,,,,,,,50
L Dahlhaus,99,84,88,111,130,90,115,70,91,75,,97,66,91,81,85,94,109,82,72,64,88,66
T Dickson,,,,,,,,,88,73,,61,45,25,36,,,,61,,75,25,
J Grant,,,,,,,,,,,,,,,,,,,,60,,,
R Griffen,57,75,32,,,,,,,,,,,,,,,,,,,,
S Higgins,87,119,62,86,,117,90,90,83,112,73,,87,91,74,114,99,90,103,78,106,107,114
N Hrovat,47,63,80,73,78,103,90,62,95,63,51,,81,82,56,63,59,79,59,70,57,58,75
L Hunter,101,91,114,69,67,89,131,90,47,73,,66,84,109,100,97,79,115,106,110,100,79,63
J Johannisen,109,75,90,79,85,66,86,91,96,95,,27,51,64,51,55,77,70,89,0,,107,55
L Jones,,,,,,,,,,,,72,57,44,92,49,54,22,57,68,57,39,37
L Jong,87,114,93,63,68,80,66,70,86,77,,46,10,,,,,,,,,,
T Liberatore,115,105,91,75,52,70,75,31,,,,,109,52,,59,81,50,66,65,38,81,82
J Macrae,116,92,116,102,95,99,96,102,76,85,,105,84,137,99,103,123,93,98,126,75,149,116
D Morris,60,,,,,,,,33,62,,,23,31,53,31,44,23,,,,44,39
R Murphy,81,95,85,77,89,74,100,,85,91,,,,,94,,46,61,64,75,82,55,63
L Picken,105,96,33,100,100,60,83,77,84,76,,78,90,69,49,47,75,111,74,65,46,72,86
J Redpath,,,,,,,,88,43,,,,,63,99,67,20,95,,81,40,,
F Roberts,43,50,42,34,48,35,42,30,,,,27,,,,27,,,,,,,
J Roughead,,,,,,,,,,64,,55,116,27,30,80,75,70,104,56,76,85,53
C Smith,,,,85,73,37,81,50,81,,,,,,,37,,,,54,,,
K Stevens,,,,,,106,108,,87,115,,67,73,115,106,110,55,56,,106,14,81,81
J Stringer,79,65,75,80,89,57,23,,,98,,43,48,93,32,54,26,,,,47,6,
M Wallis,,,,,,,,,97,89,,73,97,88,58,61,84,87,63,79,21,,
E Wood,69,70,46,32,75,47,55,59,76,71,,68,52,90,88,43,,70,36,5,,,
S Butler,,,,70,46,103,49,39,46,77,50,,,,15,,,,,,,,
J Cripps,95,62,54,98,94,,,,46,93,56,,48,58,64,78,94,76,69,42,81,77,80
J Darling,60,63,83,,66,76,62,57,92,59,44,,87,54,93,73,62,84,97,69,71,40,68
A Gaff,144,115,107,97,88,109,82,146,95,124,85,,106,101,130,83,114,51,94,92,77,63,112
J Hill,62,88,62,51,45,82,51,44,,46,75,,,57,,,,,,0,,31,
S Hurn,92,77,68,82,58,90,84,97,71,70,72,,68,18,,43,137,117,47,100,59,67,95
M Hutchings,56,72,66,,,,46,,,78,48,,24,88,27,70,55,45,69,35,30,39,46
J J. Kennedy,125,67,59,83,70,120,81,107,62,41,,,,,,,74,91,115,88,88,59,57
M LeCras,85,60,86,66,49,98,92,69,70,,45,,62,,,78,73,54,78,88,,,78
S Lycett,,,,,,,,,,,,,,,,58,,,,,,,
E MacKenzie,41,,,,,,,,,,39,,42,69,67,15,,,61,58,47,62,47
C Masten,101,87,99,80,91,102,62,79,91,66,,,,,44,,76,,,39,,,
J McGovern,92,82,49,95,91,98,45,70,48,88,80,,84,105,91,67,64,86,81,76,88,60,78
F McInnes,,,,,,,,74,53,,,,,,,,,,0,,,,
M Priddis,88,107,90,105,92,120,84,103,93,91,76,,108,79,,74,93,82,,0,70,127,84
M Rosa,54,73,73,80,60,25,120,,,,67,68,85,,82,76,70,75,78,100,81,70,87
W Schofield,,,,30,42,,,,,45,44,,36,32,,,58,20,28,10,,,
S Selwood,,,,,,,,,119,119,125,,60,84,,,,58,106,131,98,89,110
B Sheppard,66,85,59,80,46,57,61,50,58,68,62,,56,51,67,34,75,68,68,42,62,65,71
L Shuey,93,144,100,132,119,110,118,101,88,,118,,110,70,99,68,87,99,102,58,68,80,112
C Sinclair,,,67,70,68,105,78,40,87,63,,89,49,65,,,,117,71,94,54,51,99
S Wellingham,72,87,88,88,62,95,81,55,26,,,,,,30,54,,,,,34,,
S Lloyd,45,,,,,,,,67,54,71,,81,88,74,56,,,,,,,
S Gray,64,98,48,65,107,88,50,101,,54,93,74,101,92,106,43,124,84,59,57,81,85,127
B Brown,68,77,53,90,61,115,62,35,90,50,51,,38,82,73,99,53,119,93,27,68,74,113
S Lemmens,58,35,45,77,64,58,72,53,,49,46,66,46,79,45,33,54,32,63,46,34,,
G Hewett,91,61,69,86,60,95,61,103,89,48,,53,74,64,113,87,46,78,80,68,90,87,71
L Dunstan,71,81,81,72,45,,,93,70,,,,80,99,56,,,107,116,100,110,118,103
A Aliir,,41,74,33,,,0,,,,,,,,,,,,,,,,
M Scharenberg,,,,,,,,,,67,53,68,,,,71,82,,98,96,95,97,51
J Aish,,59,,,,,,44,36,,,104,,63,,,,,,,41,73,75
R Knight,71,69,80,74,70,,27,,,,,45,,,87,87,69,39,93,64,52,87,55
T Langdon,,,,,,,,,,,,41,,83,64,88,50,67,77,99,85,70,75
P Ambrose,52,57,50,33,42,,,,,,,,,,,,,,,33,55,54,75
T Dumont,79,83,79,75,96,64,93,54,,94,77,,73,46,,59,,106,47,99,79,65,104
J Martin,51,84,109,109,83,77,60,64,,66,88,60,52,92,117,101,91,108,87,83,118,85,42
B Hartung,70,,,74,82,93,81,98,54,,,90,,82,84,75,58,82,66,86,88,110,67
K Kolodjashnij,78,108,86,77,57,,75,125,,76,113,82,67,,,,,,,,,,
L Taylor,75,92,81,73,88,105,61,39,83,51,,96,72,72,90,50,93,88,109,64,94,78,56
J Barrett,56,65,91,,,,69,55,80,87,,102,77,39,30,,,64,73,49,76,56,60
J Impey,,82,57,49,61,86,66,64,,40,75,50,34,76,65,41,35,49,63,46,49,,
D Gardiner,49,42,19,52,,71,50,38,45,59,,94,74,59,7,,,58,40,50,57,84,89
D Willsmore,,,,,,,,,,40,62,,,,,,,,,,,,
J Kolodjashnij,,,,,,,,35,72,61,49,,45,50,39,64,76,52,59,71,81,72,44
B Acres,,72,85,82,92,76,108,68,100,81,,49,69,38,,,,76,68,120,53,105,60
D Sheed,,49,,,72,99,48,103,70,98,126,,112,96,102,49,91,102,102,88,57,88,84
J Jansen,,,,,,,,,,,,,,,,,,,50,,,,
J Leslie,,57,,40,50,50,17,76,,66,51,51,62,64,24,,,,,,,43,
J Hogan,118,87,,,51,,85,0,,,,,,,,49,56,96,43,,,108,15
O Fantasia,79,94,34,66,96,48,60,94,73,64,81,55,,76,63,84,50,80,92,8,,,
J Kennedy-Harris,,,,,70,27,42,,,,,,,,,,102,64,66,,,,
J Kelly,87,105,119,127,82,91,111,162,106,111,159,107,,,93,136,110,98,91,131,110,130,105
J Billings,75,61,47,119,72,86,116,151,113,67,,86,105,111,102,55,76,91,82,119,135,102,110
L McDonald,82,58,93,74,96,76,76,59,97,117,72,,87,57,106,91,100,79,105,67,92,88,113
B Lennon,,47,26,,,,,,,,,,,,,,,,,,,,
C Salem,83,127,90,87,74,81,60,114,48,,,95,110,65,,,,75,78,78,,,99
T Boyd,37,58,70,9,54,66,95,64,117,56,,,78,,,,,,,,,,
M Honeychurch,,,,,,,,,,,,,78,73,62,55,76,77,,,,,
K Heatherley,,,,,,,,,56,,,,,,56,36,47,,,,,,
M Karpany,,,,,,,,,,54,,,,53,95,44,,,40,30,,,
D Lang,,51,,,97,65,75,,,98,56,,53,33,,,,,,,,,
N Robertson,47,45,69,60,34,84,47,22,56,70,,95,78,98,84,67,71,,66,46,59,69,55
K Amon,37,68,49,64,101,90,,102,,43,0,,,,,,,,82,37,82,78,92
M Bontempelli,89,126,103,107,105,102,113,112,73,103,,97,94,134,98,92,118,93,96,122,86,56,86
M Crouch,97,80,111,92,118,122,116,89,91,118,89,83,,128,99,110,100,110,127,116,96,106,150
T Cutler,74,80,75,3,,102,,,,82,,112,52,90,106,71,69,,,,,,
J Kelly,47,20,60,19,,99,33,59,74,85,40,55,,73,40,103,49,61,68,43,73,33,70
D McStay,43,30,47,47,61,47,40,,,50,,53,52,45,75,31,72,77,,53,42,49,48
J Sicily,38,,,88,69,52,23,,76,56,62,50,,88,112,85,53,104,106,110,92,24,124
J Harmes,,91,55,94,80,,,,,68,,65,92,81,41,54,52,74,76,51,99,62,35
T Nankervis,83,94,73,72,131,94,,92,98,73,80,,76,61,108,73,69,65,56,97,70,140,119
C McCarthy,52,43,63,96,70,58,79,63,58,41,59,32,,37,51,,,70,40,102,67,20,
T Barrass,,86,44,66,66,75,82,54,35,,,,42,75,52,44,67,29,71,,,54,58
C Cameron,112,95,69,74,68,96,51,49,103,76,48,52,,79,,33,68,28,62,76,80,57,46
P Cripps,77,99,95,88,121,117,100,143,95,103,,73,101,109,114,40,,,,,,,
R Lobb,71,62,56,93,62,68,61,58,43,,,,,,66,67,69,34,97,69,71,,80
D Byrne-Jones,69,58,89,36,85,32,96,59,,50,49,71,99,79,73,47,53,58,86,38,46,70,98
Z Jones,96,53,87,75,91,92,101,74,59,119,,54,88,,106,51,90,31,59,64,94,82,93
Z Merrett,129,140,97,134,137,108,124,150,126,101,106,151,,120,78,105,144,96,82,96,,91,144
K Turner,47,78,61,62,46,85,78,86,95,77,46,,47,,,,,,,,43,66,54
A Smith,,,,,,,,,,51,,47,47,44,36,31,,,,,,,
B Grey,,,95,48,64,50,65,63,39,56,45,2,,,48,60,,,35,14,,,
J Hunt,87,66,129,66,102,61,80,45,46,60,,78,63,40,44,49,111,111,93,44,70,69,80
C Byrne,,,,,,,,,,,,,,,,,43,,,,,73,24
C Sheehan,,,,,,,,,,,,,,,33,31,,,,,,,
C Petracca,91,92,88,86,49,73,45,103,66,72,,93,65,61,74,69,63,91,42,33,39,81,87
P McCartin,,64,27,,,,,,51,73,,66,,,,,,,,,,,
P Wright,72,55,66,73,70,80,87,67,,60,91,81,49,80,49,57,74,53,70,95,49,50,102
A Brayshaw,83,45,,,,,,,,,,,,,,,,,,,89,83,86
S Durdin,,,37,,,,,29,,,,,,,,,,81,44,31,42,25,83
D Moore,41,46,39,31,52,89,31,75,71,97,90,58,,61,56,,66,14,95,80,44,91,77
J Lever,,,37,50,51,75,72,,74,111,61,79,,68,72,101,55,,,80,63,47,65
J Laverde,,,,,,,,,,,,,,,,,,45,27,,47,82,52
L Weller,80,73,49,83,84,80,67,53,92,109,82,65,,91,51,68,72,76,94,99,52,56,51
J Pickett,30,49,43,39,25,,,,,,,,,26,,,,,,33,36,76,48
C Marchbank,78,80,67,80,73,89,84,82,66,87,,87,65,58,44,,,,31,40,,,
J De Goey,,,,,,,60,60,62,75,110,87,,74,109,39,101,96,67,114,59,,
L Duggan,,,,57,56,63,0,46,72,44,57,,84,69,54,86,124,68,81,57,56,68,72
C Ellis,,,,,,,22,46,,,,,,,,,,41,63,60,31,,
K Langford,62,69,31,77,,,,,,,,,,60,87,,,,,,,,
I Heeney,,,,,61,120,102,118,70,93,,113,109,122,86,90,89,72,78,76,109,87,64
C Blakely,90,17,80,75,74,88,110,97,134,119,92,71,,107,,135,149,114,8,,,,
J Steele,94,54,92,97,101,118,74,99,104,91,,57,,,119,99,61,91,79,124,90,110,102
N Cockatoo,47,,,59,70,53,63,51,16,,61,,15,,,,,,76,,,,
T Miller,108,82,107,66,60,88,81,69,,54,76,0,,85,70,110,80,86,65,66,99,59,48
E Vickers-Willis,,,,,55,47,39,66,58,47,42,,,,,,,,,,,,
B Maynard,77,43,78,66,89,47,46,63,85,96,92,90,,74,92,71,64,51,65,101,44,58,97
D McKenzie,,,,,,,,,96,82,,,,,,52,35,,36,0,,,
A Neal-Bullen,110,60,141,95,91,31,,,,76,,78,74,62,42,92,95,69,58,100,112,50,104
L Webb,,,,,,,,86,57,,,,,,,,,,49,28,,,
C Menadue,,,,37,49,,,,59,67,51,,58,65,52,55,,,,,,,
J Lonie,65,83,66,45,,,,,,,,,55,62,74,65,68,43,50,,,,51
E Langdon,81,57,84,54,60,109,56,85,50,,40,,,,,,,,,,,,
B Stretch,83,81,101,47,73,,,,,,,,,76,40,59,,,,,,54,
T McLean,84,,54,74,111,78,69,74,,,,74,55,100,88,127,107,93,66,102,77,87,106
L Dawson,,,,,30,,,,,,,,,,,,,,,,,,
J Cunico,,,,,,,,,,42,,,,0,,,,,,,,,
D Howe,,,,,66,59,65,103,75,84,61,43,,54,116,63,105,82,82,97,81,75,55
J Nelson,30,59,49,50,77,,,,,72,54,,17,,,,61,48,49,42,28,,
J Rose,,,,,,34,,,,,,,,,,,,,,,,,
O McDonald,71,45,56,,,73,67,56,35,59,,60,106,30,81,66,55,90,41,69,74,38,53
H Andrews,34,70,44,69,49,61,59,43,60,35,,87,50,47,78,16,59,78,59,52,57,47,45
Z Cordy,45,58,51,36,74,52,51,70,,,,,100,42,75,67,68,44,37,32,57,48,55
D Nielson,,,,,,,,,,,,,,,,49,34,42,53,5,55,0,
M McGovern,68,83,45,,,,,,,,,,,,61,75,67,45,80,55,71,100,60
T Miles,,54,29,,,,,,,,,,,,,,,,,71,30,,
C Daniel,62,69,68,,,103,74,101,98,79,,87,93,66,72,37,68,84,82,84,52,85,42
D Howard,,,,,,,,,,,,,,,,,,,,,51,49,82
J Deluca,,,,,,,,,,,,,,44,,,,35,,,66,44,
J Finlayson,,,,,,,,,,,,0,,,20,,,,,,,,
L Austin,,,,,,,,,,,,,,,,,46,19,,,,,
B Boekhorst,,,,,,,,,,,,,77,44,,,65,,,70,61,108,92
D Butler,72,59,65,61,62,50,50,38,,,63,,20,61,69,44,98,34,30,60,44,74,64
B Dale,,,,,,61,,48,67,97,,27,70,78,76,65,104,77,56,59,61,71,62
E Hughes,,0,47,76,42,45,58,63,46,59,71,,,0,137,72,38,69,57,72,68,41,51
A Saad,57,56,79,57,75,58,50,68,,74,51,62,50,83,59,65,56,62,77,61,64,29,46
M White,,,,,,,,,,,,,,,43,,,,,,,,
J Castagna,86,30,98,92,63,28,49,46,55,47,46,,41,71,54,66,50,79,92,36,31,31,30
K Lambert,,33,83,48,88,108,74,74,78,54,103,,96,114,147,99,74,71,66,100,93,108,79
J Short,,68,27,47,43,58,64,71,88,51,47,,61,48,86,52,67,27,,,,,
J Sinclair,,,,,,82,106,73,66,50,,80,72,92,69,88,83,51,102,75,87,88,74
L Melican,,,,,60,39,69,32,39,43,,58,,42,59,54,46,58,36,31,33,55,43
N Newman,,77,93,71,,66,,135,113,78,,84,112,78,116,84,68,56,111,89,46,,82
K Brooksby,,,,,,,,82,,,,,,,,,,,,,,71,58
M Hammelmann,,,,,,,,,36,33,,,,,,24,,,,,,,
B Preuss,50,105,105,57,,,,,,,,,,,,,,,51,39,87,44,
M Cox,42,,,,41,56,42,,,,,,,,65,57,,,,,50,128,70
C McKenna,,,,71,,80,50,46,63,38,66,96,,57,44,45,88,35,68,51,77,50,74
I Soldo,,,,,,,75,,34,,,,,,,,64,30,51,45,64,,
A McDonald-Tipungwuti,71,79,36,82,75,71,57,89,83,42,40,114,,54,59,69,85,54,62,92,36,76,68
D Parish,114,71,84,75,78,47,65,97,77,87,,,,,72,114,48,68,96,86,59,76,73
J Hopper,,39,85,78,71,68,58,,,,,,,,,,,,,75,80,34,63
C Curnow,52,25,0,74,92,66,61,51,42,89,,46,64,79,97,112,78,95,81,59,104,81,48
C Oliver,122,135,111,99,95,107,81,116,97,94,,96,94,84,91,106,90,96,128,105,94,93,101
J Weitering,65,54,54,50,32,80,40,41,72,59,,57,35,64,71,72,53,21,15,81,54,94,114
J Schache,,,44,58,30,17,58,36,,,,,,,,,68,34,76,42,,,
C Mills,67,55,86,52,90,47,63,86,91,67,,71,69,109,1,74,61,65,80,60,74,69,89
A Francis,,,,,37,,56,,,,,,,,,,,,,,,,
S Weideman,45,54,14,18,,,,44,35,,,,,,,,,,,,35,,
W Milera,93,61,41,48,58,69,0,68,55,88,53,68,,47,42,52,,,56,,,,70
H McKay,,0,,,,,,,,,,,,,,,,61,23,,,,
C Ah Chee,52,43,,,73,61,87,,,,,0,,92,22,66,52,39,16,,16,58,38
D Rioli,49,58,38,41,60,72,40,73,55,44,65,,50,36,26,29,51,57,93,73,60,54,22
H Himmelberg,,,,,,,52,36,,68,38,39,,34,,,,,,60,51,32,
J Gresham,65,58,74,72,35,54,68,50,50,80,,51,81,70,71,79,52,47,49,79,85,74,94
E Hipwood,64,50,10,27,83,33,15,62,42,22,,48,61,46,74,42,38,44,,60,49,43,
M Kennedy,50,,,71,89,56,90,,,93,70,73,,48,42,97,60,62,69,77,54,,
B Keays,60,,,,59,80,72,80,68,37,,,,,,,64,41,74,,,,
D Cuningham,,,,,,,,,51,94,,74,64,,55,85,,52,32,,,,
B Fiorini,,0,77,109,33,76,,104,,57,,,,111,112,68,,109,84,,,76,71
M Hibberd,24,,,,,,,,,,,,,,43,87,9,,,,,,
J Schoenfeld,55,0,,,,,,,,,,,,,,,,,,64,51,27,
R Clarke,,,58,,,,77,58,61,71,66,,57,39,38,,,57,81,101,85,78,104
T Cole,,,,,,,,,,,,,46,28,22,,,40,0,,,,
J Dunkley,,,,70,85,67,38,,,,,,,,,,,,,,63,49,69
L Partington,,,,,,,,,,,,,,,,,,,64,41,36,51,36
H Balic,,,35,73,,91,41,,,,,,,,,,,,,,,,
O Markov,,,,,22,45,41,30,,,,,,,21,,,,,,,69,45
R Burton,,112,82,71,93,69,94,90,81,77,118,62,,86,97,74,63,73,72,71,92,111,
D Tucker,45,62,,,61,47,62,57,,81,40,49,,99,45,88,70,34,107,53,47,84,53
R Bonner,,,,,,,,,,,,,,,,,,,,,,69,79
R Mathieson,,,,,,,,,,57,,75,78,108,78,75,65,60,44,61,83,62,89
B McKay,,,,,,,,,,,,,,,,,,,,,,,38
B White,,,,,,,,,,,,,,,,,,,49,66,43,,
M Adams,,91,67,85,89,48,74,78,64,77,,56,,,,,,,,,,,
S Collins,,,,,,,,,,,,57,,0,,,,,,,,,40
A Johnson,,,,,67,,,,,,,,,,,,,,,44,51,27,45
B Williams,,,,,,49,86,57,62,27,,,,,,,61,68,70,76,64,67,58
B Hardwick,,,,48,60,79,66,21,72,64,55,68,,81,76,55,42,87,32,37,66,83,71
C Wagner,,,,,,,13,,,,,,,,32,30,52,,,,,,
S Skinner,,,,,,,,,,,,,,,,,,,48,,,,
A Keath,,,,,,,,,,,,,,,,,,38,41,26,82,57,22
B Crocker,,,,,,,,,,,43,82,,42,,,,,,,,,
C Glass,,,,,,,,,,,,,,,,,,63,39,46,58,69,43
D Houston,61,99,73,82,75,44,56,,,,,,65,44,101,91,59,75,,,77,67,91
D Lloyd,,,,,,,,61,44,59,34,0,,46,51,50,,,,,,,
D MacPherson,,,,,,,,,,,,,,52,,51,,71,47,57,67,36,40
D Mountford,44,,,,,,,,,,,,61,44,90,66,50,69,52,79,61,80,52
H Greenwood,,,,,,,,,93,55,94,49,,122,66,,72,85,53,97,64,96,
J Silvagni,64,60,80,103,74,10,,54,60,50,,51,80,31,49,66,80,18,61,61,66,23,
J Parsons,,,62,76,,,27,41,55,27,58,,45,68,44,75,24,29,53,37,37,66,13
J Joyce,77,42,63,55,86,45,51,64,,52,36,57,26,75,,,,,56,52,65,60,
J Smith,18,,,,,,,,,,,,,,,27,46,,,,,,
J Beech,,,,,,,,,,,,72,,48,39,,,,,,,,
J Dawson,,,48,,,,,,,,,,,,,,,,,,,,
J Foote,58,0,52,45,35,,,,,,,,,,,,,,22,,,,
J Smith,73,76,78,89,,111,80,49,112,103,131,35,,,,42,,,,,,82,
J Wagner,,,,,,,63,57,55,57,,,,,64,65,51,,,,46,62,
K Stewart,,53,,,,,,,,,,43,,,,42,27,,,,,,
K Mutimer,,,,,,40,47,59,52,,,,,,,,,,,,,,
M Willis,,,,,,,,,,,,52,22,,,,,,,,,,
M Hartley,57,53,,,,,41,33,101,58,44,76,,29,27,35,80,65,35,36,,81,48
N Broad,,,,,,,,,,,,,,,,,54,50,55,57,81,70,59
R Wills,,,,,,,,,,,,,,,,,,64,,,,,
R Davis,,,,,,,,,,,,,,,60,56,,,,,,,
R Nyhuis,,,,,,,,,,,,,,,,67,43,60,,,,45,
T Papley,,,,28,45,104,72,81,100,86,,97,103,72,97,81,84,53,100,75,57,84,
T Phillips,86,58,103,,63,71,50,77,90,64,98,79,,85,106,,,,54,116,84,101,115
T Ruggles,75,44,55,20,,,,,,,,,,,,,,,,,,,
W Buzza,,,,,,,,,,,,,,0,59,34,,,57,40,,65,39
J Gallucci,,,,,,,,,54,,,,,,,,,,,,,,
J Allison,,,,,,,,,,,,,,,,,,,66,76,82,66,60
J Berry,,,36,38,22,68,55,71,58,43,,73,39,65,60,82,79,82,,91,,,
C Cox,,,,47,37,,,,,,,,,,,,45,82,82,16,46,,33
C Lyons,,,,,,,,,,,,,,,,,,,0,,,,
H McCluggage,,,56,68,59,28,62,,40,66,,59,48,86,75,67,64,68,,50,47,78,81
A Witherden,,,,,,,,,,,,,,77,96,82,91,97,103,70,,81,99
Z Fisher,,,,67,44,40,,39,54,40,,40,45,,38,46,52,28,32,23,59,70,51
H Macreadie,35,51,36,43,30,,,,,32,,,,,,28,,20,,,,,
S Petrevski-Seton,65,64,93,44,73,77,93,57,67,43,,0,64,32,,89,60,76,105,79,78,55,44
C Polson,,,,,35,,,,,,,,,,,,,,,,,,
T Williamson,,,67,47,67,71,48,42,73,54,,33,28,,,,,46,39,,53,47,54
C Brown,,,,,,,,,,,,47,,29,,,,,,,50,61,51
J Daicos,,,,,,,,,,,,,,,,,,,,,,70,49
K Kirby,,,,,,,,,,,,,,,,,,,,,,,35
J Begley,,,,,,,,,,,,,,,,,,,,,,72,43
A McGrath,96,65,55,90,60,99,,54,75,85,68,73,,39,79,71,75,54,39,,88,87,58
B Cox,,,,,,,,,,,,23,,69,67,51,45,,57,53,36,56,68
S Darcy,,,,,,,,,,,,,,80,114,82,81,85,75,,80,72,
G Logue,,,43,23,42,13,,,,,,,,49,28,46,39,69,63,55,64,19,
L Ryan,,,,,,,,,,,36,72,,45,77,88,72,,138,126,35,63,76
B Ainsworth,86,56,,,,,,,,,,73,47,58,81,31,58,78,23,,57,61,63
J Bowes,46,40,59,52,46,71,,60,,,,,,,,77,40,24,,,34,,
W Brodie,,,,,,,,,,42,61,,,,,,,,,,,,89
B Scheer,,,,,,,44,28,,47,,,,,,,,,,,,,30
J Scrimshaw,,,,,,,,,,,,,,,,,,42,46,47,25,,
M Spencer,,,,,,,,,,,,,,,,,,,45,61,76,40,69
Z Guthrie,,,,,,,,,,,,,,,37,39,39,26,,37,30,51,
M O'Connor,,,,,,,,24,48,,,,,,,,,,,,,,
B Parfitt,39,51,90,74,59,44,,,,,,,,,,67,49,,77,35,42,,46
S Simpson,,,,,,,,,,,,,,,47,,45,,,49,26,30,
T Stewart,42,43,35,29,63,56,,48,57,74,69,,78,49,,,,55,100,71,53,86,77
H Perryman,,,,,,,,,52,25,54,38,,,,62,89,63,59,,,,
W Setterfield,,,,,,,,,,,,,,,,,,70,29,,,,
T Taranto,38,54,51,66,,82,62,73,84,72,78,45,,32,,,,,,,,,
J Cousins,,,,,,,,,,66,62,38,,,,,,,,,,,
H Morrison,,,,,,,,,,,,,,,,,,,,,,,75
M Hannan,88,32,45,51,,83,50,38,77,82,,56,76,70,53,67,41,67,23,,48,55,43
C Maynard,,,,,,,,,,,,,,,,,,,,78,,,
T Smith,,,43,,24,,,,,,,,,,,,,,,,,,
N Larkey,,,,,,,,,,,,,,,,,,2,,21,,,
J Simpkin,31,44,,70,62,43,,12,,,,,,,,52,69,37,53,,53,50,61
J Williams,,,,,,,,,,,,,,,,,,65,,49,,,
C Zurhaar,,,,,,,,,,,,,,,,,33,34,,,48,47,
J Atley,,0,,,,,,,,,,,,,,44,37,53,,,,,
W Drew,,0,,,,,,,,,,,,,,,,,,,,,
B Eddy,17,68,35,,,,,,,,,,,,,,,,,,,,
T Marshall,,,,,,,,,,,,,,,,,,,,,,50,45
S Powell-Pepper,71,84,68,39,60,78,59,76,,54,72,76,75,92,90,67,112,71,54,16,,85,69
S Bolton,,,,,,,,,37,42,44,,57,28,,,,,25,,,,
J Graham,,,,,,,,,,,,,,,,,,,,,,84,84
T Stengle,,,,,,,,,,,,,,,38,45,,,,,,,
J Battle,,,,,,,,,,,,,,,,,25,,,,,,
B Long,,,,37,22,,,,,,,,,,,48,42,,,,,,
R Marshall,,,,,,,,,,,,,,,,,,60,,,,,
O Florent,31,49,46,36,,,31,,,36,,,,52,38,40,,,,,,,
R Fox,,37,69,47,,,,,,,,,,,,,,,,,,,
W Hayward,,74,51,59,24,60,48,33,71,40,,64,50,45,,,,,23,85,72,28,36
T English,,,,,,,,,,33,,37,,,,,,,,,,,
P Lipinski,,,,,,,,,,,,,,,,,,,,,,,61
L Young,,,,,,,,,,,,,,,,,73,77,36,65,51,38,23
,,,,,,,,,,,,,,,,,,,,,,,
