player,position,start_price,current_price,own,games,be,round_1,round_2,round_3,round_4,round_5,round_6,round_7,round_8,round_9,round_10,round_11,round_12,round_13,round_14,round_15,round_16,round_17,round_18,round_19
R Atkins,Mid,572000,450000,1.4,16,50,50,71,100,103,85,100,66,122,43,76,55,36,46,,,,100,53,96
L Brown,Def,412000,385000,0.6,16,52,46,90,99,59,69,100,55,78,,9,54,66,,,44,56,68,56,67
P Dangerfield,"Mid,Fwd",849000,667000,37.0,17,115,,118,102,97,109,70,109,106,105,117,96,103,75,,100,76,151,107,66
R Douglas,Mid,570000,478000,0.4,14,95,38,,93,76,71,113,115,71,92,69,72,79,35,,83,57,,,
C Ellis-Yolmen,Mid,389000,526000,4.5,12,124,66,121,61,92,89,103,89,102,96,57,60,51,,,,,,,
K Hartigan,Def,318000,353000,1.2,13,43,38,77,55,47,8,,,,43,29,44,58,79,,47,62,59,,
R Henderson,Mid,615000,515000,0.2,17,72,89,90,91,91,96,93,,86,54,112,83,,58,82,54,89,65,89,86
S Jacobs,Ruc,700000,531000,11.1,18,101,75,120,105,85,72,83,105,53,78,49,81,75,80,,108,94,76,57,75
J Jenkins,Fwd,572000,479000,1.4,18,68,64,114,71,43,59,63,82,65,59,85,91,82,46,,48,79,88,85,64
S Kerridge,Mid,592000,571000,0.1,8,86,,,,,66,104,89,90,86,48,112,,93,,,,,,
R Laird,Def,707000,686000,66.4,16,134,124,141,120,115,89,114,100,83,102,125,105,,,,102,110,122,89,72
T T. Lynch,Fwd,640000,509000,1.3,13,61,,,88,48,90,121,73,92,56,66,41,,,,,84,94,75,92
J Lyons,Mid,665000,618000,1.1,16,106,84,134,151,76,78,131,61,81,82,,,,99,83,113,91,104,76,92
D Mackay,"Mid,Def",473000,424000,0.8,13,83,75,43,78,48,,68,79,49,88,72,59,54,64,,51,,,,
S McKernan,"Ruc,Fwd",367000,479000,5.2,10,90,,,,,,,,102,100,59,68,59,,46,105,93,77,33,
A Otten,"Def,Fwd",449000,416000,0.3,6,39,,,,,74,38,38,62,73,,,,96,,,,,,
R Sloane,Mid,754000,600000,4.0,9,88,91,115,67,46,,,,,,,,,,,68,111,111,77,95
D Talia,Def,361000,385000,2.0,18,78,53,66,74,87,39,81,52,33,56,72,65,58,79,,37,75,0,46,44
B Vince,Def,549000,349000,1.1,16,67,67,46,84,48,89,50,88,46,76,70,47,42,,39,,,44,72,31
T Walker,Fwd,568000,423000,1.4,12,68,,67,61,65,102,56,,34,,,,50,41,,112,58,47,,66
M Wright,Fwd,537000,412000,3.4,17,61,84,73,36,70,43,69,62,57,71,74,35,,80,66,69,24,,88,65
R Bewick,"Mid,Fwd",444000,464000,0.2,3,69,,83,56,79,,,,,,,,,,,,,,,
J Crisp,Def,622000,530000,5.4,18,121,64,85,115,55,52,80,84,147,119,109,114,99,,98,79,67,78,44,65
J Green,Fwd,377000,323000,0.2,7,93,59,65,68,66,4,,,,,,,45,,18,,,,,
P Hanley,"Def,Mid",509000,479000,0.9,1,115,,,24,,,,,,,,,,,,,,,,
R Lester,"Mid,Fwd",510000,443000,0.2,13,76,88,54,43,,47,31,,,,,91,61,,94,44,80,67,76,50
M Leuenberger,Ruc,527000,519000,0.2,1,90,,,,,,68,,,,,,,,,,,,,
B Longer,Ruc,552000,381000,0.1,5,70,32,24,,,,,,,,,,,56,,53,57,,,
S Martin,Ruc,703000,642000,21.9,18,118,94,68,177,101,99,92,130,113,96,137,95,106,,67,110,96,96,97,77
S Mayes,Def,562000,431000,0.1,6,84,69,47,66,51,,,,,,,,46,,68,,,,,
J Polec,Mid,583000,607000,2.1,18,78,94,89,132,92,87,156,74,91,69,,71,88,83,87,68,107,93,107,100
J Redden,Mid,588000,718000,2.1,18,108,71,67,71,47,78,124,138,97,94,97,83,,87,96,93,143,135,110,93
D Rich,Def,533000,523000,0.8,14,102,21,,,,,97,93,43,46,54,95,104,,99,60,109,84,58,62
T Rockliff,"Mid,Fwd",725000,626000,26.5,15,91,52,33,78,43,,,,127,106,,43,92,128,73,95,114,80,106,99
E Yeo,"Def,Mid",692000,713000,56.5,18,85,104,99,46,138,108,90,91,112,110,93,86,,136,117,83,118,76,134,136
D Zorko,Mid,805000,679000,9.9,18,109,57,109,72,63,55,43,176,115,134,110,128,100,,99,89,114,96,95,106
T Bell,Fwd,428000,416000,0.9,1,84,41,,,,,,,,,,,,,,,,,,
E Betts,Fwd,511000,460000,3.2,14,57,52,66,85,29,,,58,70,78,40,56,84,67,,,,75,73,84
D Buckley,Def,305000,287000,0.1,2,60,,,,,,,37,,,31,,,,,,,,,
L Casboult,"Fwd,Ruc",442000,345000,0.5,11,92,68,40,90,53,62,67,38,,,,,,55,0,31,,,24,
E Curnow,Mid,621000,613000,12.9,17,98,88,160,103,115,132,81,137,142,,104,98,,90,77,95,61,110,84,97
J Garlett,Fwd,462000,377000,0.2,9,58,44,103,65,30,33,,,,,,,,,,,64,57,61,54
B Gibbs,Mid,790000,654000,20.0,18,105,139,113,129,113,65,102,100,74,111,92,142,112,107,,93,92,84,91,113
N Graham,"Mid,Fwd",587000,482000,0.1,8,86,,,,45,,,58,79,98,,,,64,,71,55,,78,
L Henderson,Def,494000,457000,0.2,2,93,,,,,,,,,,,,,,,,,,42,64
M Kreuzer,Ruc,740000,518000,10.1,12,147,73,,120,60,,,70,129,77,106,93,,92,42,,79,11,,
M Murphy,Mid,782000,668000,4.7,10,93,68,114,139,0,,,,,106,,,,,,109,69,73,102,139
M Robinson,"Mid,Fwd",542000,516000,4.9,15,95,89,,110,98,95,98,93,94,85,120,79,,,,65,65,84,49,84
S Rowe,Def,263000,275000,0.5,13,56,,,,,45,26,39,30,33,45,36,,47,49,60,25,50,,23
K Simpson,Def,688000,650000,44.2,17,118,129,98,83,66,131,69,112,102,61,124,83,,111,127,112,,72,82,101
Z Tuohy,Def,603000,566000,6.5,18,79,90,101,88,96,63,59,88,66,106,69,75,88,50,,99,82,93,107,80
J Waite,Fwd,536000,564000,0.5,10,77,55,146,66,80,100,72,,44,119,99,0,,,,,,,,
D Beams,Mid,736000,726000,6.7,18,107,97,73,0,88,87,113,120,69,119,127,137,50,,113,112,133,116,85,129
J Blair,Fwd,374000,395000,0.2,2,50,,,,,,75,64,,,,,,,,,,,,
T Broomhead,Mid,451000,412000,0.1,1,115,,0,,,,,,,,,,,,,,,,,
N J. Brown,Def,170000,170000,8.9,13,29,40,27,38,19,12,38,35,35,28,,,19,10,,16,,,,46
A Fasolo,Fwd,489000,452000,0.1,1,116,,,,,,,,,12,,,,,,,,,,
B Grundy,Ruc,748000,759000,31.8,18,118,84,127,141,126,110,115,111,128,135,124,131,101,,103,151,122,68,104,147
L Keeffe,"Def,Fwd",170000,261000,9.5,4,36,,,,,,,76,49,41,,,,,,,,,30,
S Pendlebury,Mid,767000,681000,6.9,17,92,108,118,114,104,104,125,72,,103,109,107,89,,101,95,123,75,112,125
B Reid,"Def,Fwd",488000,444000,0.4,6,91,68,,80,67,47,64,,,,54,,,,,,,,,
P Seedsman,"Def,Mid",460000,433000,16.9,18,105,86,92,107,119,99,116,83,75,92,0,63,68,44,,77,67,68,65,18
H Shaw,Def,565000,573000,6.8,18,77,98,79,82,90,79,100,91,78,56,123,94,105,,99,46,60,121,88,92
S Sidebottom,Mid,745000,639000,9.1,18,101,108,96,130,137,77,81,110,104,110,98,131,121,,111,81,108,48,94,120
D Thomas,"Mid,Fwd",506000,601000,6.2,16,102,74,51,84,77,74,87,123,128,86,87,60,,99,103,,101,78,,83
J Thomas,Fwd,439000,481000,0.9,18,59,77,65,107,84,52,63,103,73,77,65,101,73,,26,98,41,76,94,84
M Williams,Def,410000,360000,0.6,18,55,60,41,39,58,51,51,37,23,44,49,56,69,,56,36,83,55,38,62
J Witts,Ruc,650000,642000,5.2,18,69,140,98,64,61,97,76,131,80,125,,80,110,81,52,79,124,79,132,114
M Baguley,Def,458000,429000,0.3,16,62,,,46,55,61,50,68,72,98,93,58,46,,61,41,68,91,56,65
T Bellchambers,Ruc,592000,542000,1.4,17,76,77,66,63,95,64,,113,92,46,63,109,48,,88,77,75,93,99,77
J Carlisle,Def,440000,498000,0.6,14,87,63,93,65,66,69,83,55,33,,110,,,103,,88,,47,72,79
T Colyer,"Mid,Fwd",479000,375000,0.1,4,86,,,,,,,,,,,,,,,59,24,39,53,
S Crameri,Fwd,324000,359000,0.6,4,56,,,,,,,64,57,66,43,,,,,,,,,
J Daniher,Fwd,597000,476000,4.2,7,102,72,49,75,55,104,47,45,,,,,,,,,,,,
B Goddard,"Mid,Def",716000,520000,3.4,18,104,110,70,72,101,129,100,73,36,98,96,80,57,,102,99,83,68,53,75
D Heppell,Mid,707000,669000,7.1,18,91,145,102,87,123,103,76,114,91,113,103,81,42,,104,116,97,125,91,116
M Hibberd,Def,652000,458000,9.6,16,84,56,69,68,66,63,107,104,64,36,83,85,55,,60,88,62,53,,
C Hooker,"Fwd,Def",523000,451000,0.8,18,76,96,60,54,81,77,56,72,97,95,27,53,90,,90,52,66,76,56,69
M Hurley,Def,663000,541000,8.8,16,126,99,93,67,131,106,90,87,54,,,65,97,,89,97,86,98,61,38
J Melksham,Fwd,506000,442000,0.4,18,54,46,69,71,47,69,76,45,99,111,87,56,54,,51,44,52,97,70,74
J Merrett,"Def,Fwd",337000,339000,1.1,2,67,,,,,71,20,,,,,,,,,,,,,
D Myers,Mid,455000,520000,0.2,12,73,,,43,91,76,,59,74,,,,104,,66,95,64,98,50,106
P Ryder,Ruc,646000,500000,2.9,12,108,46,,,,,,52,102,63,,80,95,102,81,86,59,51,,64
D Zaharakis,Mid,702000,650000,0.5,13,129,117,104,91,91,109,108,83,113,133,143,12,,,,,,,101,96
H Ballantyne,Fwd,394000,353000,0.6,13,39,36,59,75,33,69,38,65,50,37,40,,64,54,,73,,,,
M Barlow,"Mid,Fwd",667000,654000,3.0,1,119,,,,,,80,,,,,,,,,,,,,
H Crozier,"Fwd,Def",467000,546000,1.1,13,70,34,,,,,56,56,55,58,36,62,,95,101,75,107,,97,82
M de Boer,Fwd,387000,511000,0.6,12,74,72,70,84,78,68,112,58,33,,,,128,,71,71,80,,,
N Fyfe,Mid,686000,685000,22.2,13,155,67,123,144,91,136,101,128,106,97,128,76,,125,,36,,,,
S Hill,"Mid,Def",553000,482000,0.7,12,71,,89,64,115,72,70,32,,,66,,,66,,54,112,75,,63
M Johnson,Def,464000,473000,0.2,9,63,57,57,46,84,,63,,83,66,81,,,,,,,,80,
C Mayne,Fwd,430000,438000,0.4,13,83,,,,,,55,83,128,56,88,50,91,,46,98,53,50,63,64
S Menegola,"Mid,Fwd",719000,654000,22.0,18,104,69,50,120,118,103,88,65,121,71,120,125,86,103,,107,91,82,115,97
D Mundy,"Mid,Fwd",593000,597000,3.0,18,73,71,89,103,108,95,94,57,80,93,97,85,88,81,,86,80,122,58,128
L Neale,Mid,706000,641000,13.3,18,102,100,100,93,102,86,138,102,106,95,62,117,101,127,,109,59,92,101,105
D Pearce,Fwd,514000,478000,0.0,3,87,46,,,,,,,87,,60,,,,,,,,,
A Sandilands,Ruc,539000,507000,2.9,12,99,111,42,70,97,80,75,77,96,66,56,,,70,,0,,,,
T Sheridan,Def,464000,470000,0.3,10,94,,,59,51,,,,,,,100,82,85,,73,99,53,43,69
C Sutcliffe,Def,421000,396000,0.1,4,79,49,,,,,,,,,,,,,,,,69,68,31
M Taberner,Fwd,423000,494000,2.8,5,103,90,90,79,74,38,,,,,,,,,,,,,,
M Walters,"Mid,Fwd",560000,518000,5.6,15,95,92,120,106,68,92,11,,,99,125,102,60,,,73,89,63,78,68
G Ablett,Mid,837000,677000,5.3,14,87,117,138,71,,,,,105,47,107,119,137,90,,112,54,110,110,130
S Day,Fwd,289000,340000,0.9,12,86,49,65,79,34,45,53,68,82,,,51,38,37,29,,,,,
C Dixon,Fwd,570000,492000,1.7,18,58,97,99,65,62,53,88,71,67,74,,58,56,58,66,63,103,74,69,96
A Hall,Mid,690000,548000,0.5,7,99,,83,14,80,,,,102,115,,36,0,,,,,,,
J Harbrow,Def,581000,536000,0.9,18,113,94,61,45,63,97,44,59,60,129,,70,108,73,80,121,86,78,44,73
J Lonergan,Mid,458000,455000,0.1,4,62,,,,,56,91,,,,,,,,,,,,43,92
T J. Lynch,Fwd,566000,419000,1.3,10,51,70,139,53,55,62,38,,,,,53,32,86,83,,,,,
B Matera,Fwd,581000,383000,0.4,17,45,91,82,68,47,60,85,51,70,63,48,,50,66,,45,47,49,74,73
S May,Def,545000,560000,0.3,15,72,68,63,68,29,78,95,,93,66,,74,0,,,116,51,87,112,93
T McKenzie,Def,417000,405000,0.1,1,80,,,,41,,,,,,,,,,,,,,,
J O'Meara,Mid,438000,694000,14.4,16,93,93,67,93,126,63,83,81,78,,112,80,,114,121,106,94,123,,118
D Prestia,Mid,577000,583000,0.5,9,80,,,,75,77,74,70,,,,,,,,92,98,87,106,88
M Rischitelli,"Mid,Def",428000,268000,1.3,17,31,63,59,40,21,38,,61,39,53,,53,54,19,65,42,16,32,37,67
A Sexton,"Def,Fwd",437000,415000,0.6,18,56,70,43,60,49,76,67,53,56,45,,51,57,57,55,56,58,76,86,53
M Shaw,Mid,375000,373000,0.1,2,51,,,,,,,,,,,,,,,,,44,76,
Z Smith,Ruc,596000,514000,0.4,4,119,63,,,,,,0,49,61,,,,,,,,,,
D Swallow,Mid,605000,513000,1.0,17,131,111,107,84,109,82,130,76,41,73,,96,58,102,85,123,54,56,,33
R Thompson,Def,309000,211000,1.6,17,33,19,22,57,41,31,26,49,14,26,,48,22,10,,27,39,59,17,28
M Weller,Fwd,484000,431000,0.5,13,80,,,,,97,63,87,87,34,,72,28,83,,49,74,86,67,36
J Bews,Def,360000,281000,0.9,18,58,42,42,85,66,39,44,55,20,36,19,40,70,62,,26,28,56,61,8
M Blicavs,"Mid,Def",549000,383000,1.2,18,72,38,82,81,47,41,59,94,86,63,47,71,63,64,,64,30,65,63,44
M Brown,"Def,Fwd",402000,413000,0.2,10,44,56,70,25,,,,,,,,,70,,68,50,60,65,68,84
J Caddy,"Mid,Fwd",525000,450000,16.5,16,83,99,85,,58,,102,81,100,89,139,84,51,56,,63,62,58,70,58
A Christensen,"Fwd,Mid",331000,421000,11.2,18,83,60,88,91,76,55,72,76,63,92,100,-3,99,,58,70,68,57,64,45
M Duncan,Mid,793000,667000,2.6,17,92,110,0,,93,90,105,115,100,108,94,102,105,70,,111,100,83,124,110
C Guthrie,"Mid,Def",485000,385000,0.7,8,65,60,70,10,,,,,,,,,,,,85,48,60,50,61
J Hamling,Def,363000,392000,0.5,17,58,,45,38,56,44,45,46,67,13,44,92,89,52,,52,65,54,58,66
T Hawkins,Fwd,552000,635000,1.0,17,59,59,69,78,38,0,101,92,,98,65,88,112,75,,88,88,98,118,132
G Horlin-Smith,Mid,471000,453000,0.4,4,102,,,,,123,20,,65,44,,,,,,,,,,
S Kersten,Fwd,367000,388000,0.1,6,63,38,,,,,,,,,,70,59,69,,66,46,,,
L McCarthy,Fwd,308000,323000,0.6,2,57,,,,,,,,,,,80,,18,,,,,,
D Menzel,Fwd,455000,407000,0.6,8,80,85,101,41,85,61,,,,,,,,,,,,27,40,75
S Motlop,"Mid,Fwd",489000,470000,2.3,18,95,79,68,62,53,35,62,87,90,21,,78,52,96,69,73,112,44,0,45
J Murdoch,"Mid,Fwd",522000,429000,0.9,14,94,106,,0,61,80,60,96,40,49,72,79,92,33,,67,40,,,
J Selwood,Mid,670000,652000,8.2,18,153,122,110,90,97,112,98,120,95,115,87,136,96,113,,120,127,73,70,64
D Simpson,Ruc,420000,453000,1.1,8,69,,,,70,81,,,,,,,,,72,60,51,66,109,47
H Taylor,"Def,Fwd",461000,377000,0.6,5,55,16,,,,,,,70,25,,,,,,91,51,,,
J Thurlow,"Def,Mid",389000,412000,0.7,5,58,,,,,53,48,84,76,54,,,,,,,,,,
T Varcoe,"Def,Fwd",450000,336000,0.6,12,57,32,61,35,42,59,,67,42,50,47,,,,,,,52,55,42
N Vardy,Ruc,464000,409000,0.2,3,89,,,,,,,,,,,,,,,,29,,84,31
J Walker,"Def,Fwd",432000,412000,0.2,10,48,48,39,37,47,,,,,,,,,,79,50,66,80,52,82
T Adams,Mid,808000,641000,2.4,15,85,71,82,81,,,,48,124,78,95,100,96,,80,101,90,83,135,98
J Bruce,Fwd,465000,446000,0.4,3,89,66,58,53,,,,,,,,,,,,,,,,
T Bugg,Fwd,425000,457000,0.2,3,55,,61,83,85,,,,,,,,,,,,,,,
M Buntine,Def,244000,279000,0.4,3,23,,,,,,,,,,44,,,,,,,,56,58
J Cameron,Fwd,622000,525000,1.8,12,71,111,70,78,107,90,66,,48,62,70,69,135,,61,,,,,
S Coniglio,Mid,663000,700000,28.8,18,109,146,120,111,121,112,102,92,111,92,123,106,0,,71,118,104,111,116,98
A Corr,Def,339000,315000,0.4,16,75,40,33,42,26,22,56,36,40,80,61,37,65,,44,54,43,18,,
P Davis,Def,380000,402000,0.9,16,62,55,50,53,64,77,58,51,48,,,74,71,,61,68,50,52,67,66
S Frost,Def,384000,323000,0.1,6,40,,,40,36,,,,,,,,,,,,37,49,56,60
T Greene,Fwd,644000,528000,3.2,6,113,118,,,90,52,,,,,,,,,,,,61,56,77
C Hampton,Mid,435000,399000,0.1,3,94,54,,,,,,,,,,,,,,70,17,,,
N Haynes,Def,511000,446000,1.3,18,69,71,54,97,122,36,79,99,62,63,61,76,78,,72,88,33,61,71,78
W Hoskin-Elliott,"Mid,Fwd",598000,401000,1.9,18,64,67,58,95,88,62,87,58,68,87,115,97,84,,85,45,18,24,83,71
A Kennedy,"Def,Mid",358000,366000,0.7,3,39,,,,,,,,,,,,,,,,,42,63,80
A Miles,Mid,517000,515000,3.0,1,82,,,,,,,,,,,,78,,,,,,,
T Mohr,Def,217000,231000,0.6,2,27,,,,,,,,,44,41,,,,,,,,,
J O'Rourke,Mid,277000,305000,0.2,3,24,,,,,,,,,,,,,,,,49,,46,75
J Patton,Fwd,502000,486000,0.5,12,83,74,48,123,37,50,70,62,,,91,69,84,,77,60,,,,
A Phillips,Ruc,261000,353000,2.2,5,65,,,,,65,77,38,,,,,,,,93,15,,,
L Plowman,Def,420000,324000,0.4,13,81,60,68,45,29,53,46,62,38,60,76,22,,55,15,,,,,
T Scully,Mid,576000,539000,0.6,1,132,,23,,,,,,,,,,,,,,,,,
D Shiel,Mid,666000,571000,2.1,18,108,104,81,79,79,84,97,110,78,107,55,89,118,,84,88,76,94,88,63
D Smith,"Fwd,Mid",575000,732000,37.5,18,109,91,115,72,91,91,101,94,117,96,113,129,94,,106,69,150,122,121,95
J Stewart,Fwd,432000,402000,0.4,11,75,100,55,47,54,60,54,76,40,82,56,45,,,,,,,,
A Tomlinson,Def,400000,460000,2.9,18,78,89,96,65,67,69,83,36,66,82,45,89,106,,39,64,104,57,52,73
J Townsend,Fwd,508000,360000,0.6,9,67,66,32,18,61,37,,88,57,32,,,,,,,,,,49
A Treloar,Mid,761000,730000,12.3,13,147,105,90,84,135,122,147,100,113,96,130,112,110,,66,,,,,
D Tyson,Mid,631000,473000,0.1,10,87,,99,95,,75,62,96,56,,,,,,62,62,,,63,70
C Ward,Mid,659000,652000,1.5,18,112,85,95,108,115,114,68,69,104,49,95,81,129,,59,125,101,107,113,73
L Whitfield,"Mid,Def",690000,728000,22.5,18,81,114,123,65,66,67,126,94,98,70,101,106,120,,93,84,105,150,114,130
N Wilson,Def,499000,455000,2.0,17,72,54,108,63,62,95,65,68,,96,59,74,84,69,,60,66,67,63,74
J Anderson,"Fwd,Mid",341000,521000,0.7,18,70,57,76,45,93,69,69,86,97,94,74,4,0,,91,75,90,91,82,84
K Brand,Def,443000,340000,0.0,6,50,,26,56,,,,,,37,,,,55,,,,,34,71
L Breust,Fwd,501000,633000,2.4,18,93,76,54,66,118,104,95,80,104,50,45,63,,95,108,105,151,51,102,108
S Burgoyne,Mid,573000,519000,0.6,11,65,75,17,,,,61,61,114,59,54,96,,87,78,,,,,93
J Ceglar,Ruc,342000,396000,1.0,8,30,,,,,,,,,,38,33,,69,,69,30,62,97,80
K Cheney,Def,278000,374000,0.6,6,34,,,,,,,,,,,,,47,,37,72,80,61,70
T Duryea,"Def,Fwd",458000,376000,0.9,16,83,72,67,83,65,57,78,82,44,52,70,70,,43,68,59,42,35,,
L Franklin,Fwd,677000,522000,27.9,15,115,151,91,102,100,55,,,,112,51,88,118,91,,64,65,97,71,40
J Gunston,Fwd,598000,555000,2.0,17,93,91,86,77,116,69,91,61,96,85,44,99,,99,69,,111,77,72,83
B Hill,Mid,660000,546000,0.3,6,104,69,90,,,,,,,,,,,,,,57,94,75,68
L Hodge,Def,612000,546000,2.1,15,81,86,55,57,70,75,,98,52,74,45,86,60,,140,57,112,,,66
W Langford,"Mid,Fwd",495000,346000,0.3,7,88,,,27,,,60,0,49,,,,,50,46,17,,,,
J Lewis,"Mid,Def",626000,572000,1.1,17,84,76,61,82,56,,71,74,97,68,98,74,113,,78,84,70,96,102,82
T O'Brien,Fwd,447000,332000,0.1,12,62,48,39,43,89,20,67,48,42,,,22,,,82,56,,26,,
P Puopolo,Fwd,470000,421000,0.6,14,52,68,35,73,66,,,,,45,50,40,,33,55,90,47,58,110,54
C Rioli,Fwd,543000,401000,1.1,4,110,45,31,52,27,,,,,,,,,,,,,,,
J Roughead,Fwd,593000,504000,1.3,18,67,48,73,75,90,59,58,94,71,76,75,77,,76,50,61,112,61,81,87
S Savage,Def,573000,518000,4.4,18,86,92,86,114,99,50,92,65,71,85,89,98,80,58,,80,75,93,65,78
R Schoenmakers,Fwd,373000,366000,0.3,4,40,53,21,,,,,,,,,,,,,,,,80,77
L Shiels,Mid,640000,674000,0.5,17,98,71,114,64,137,62,,99,96,122,111,105,,70,124,77,108,128,76,119
I Smith,Mid,651000,598000,1.2,18,107,97,94,94,92,106,122,99,71,101,113,70,,71,71,110,122,80,72,86
B Stratton,Def,354000,351000,1.0,18,44,41,35,70,39,31,39,40,83,43,28,76,,56,44,68,36,49,57,71
M Suckling,Def,552000,589000,1.4,12,90,80,75,86,115,95,76,70,102,86,96,87,,,,0,,,,
B Whitecross,Fwd,487000,452000,0.0,5,83,,,,,,,72,62,,,,,,,,,75,58,60
D Barry,Mid,170000,299000,35.7,5,47,72,71,40,,,38,47,,,,,,,,,,,,
L Dunn,Def,396000,363000,0.6,14,68,59,62,53,28,47,31,27,48,65,98,39,51,,58,46,,,,
J Frawley,Def,410000,371000,0.4,17,55,56,0,36,29,55,51,58,82,,70,70,,0,50,43,59,53,48,68
M Gawn,Ruc,605000,730000,51.4,18,135,138,78,114,127,143,135,111,111,105,74,141,82,,113,135,124,108,91,99
J Howe,Def,633000,523000,3.0,17,133,56,108,75,42,82,131,81,123,132,57,,90,,84,76,85,96,64,17
N Jetta,Def,429000,323000,0.6,18,47,48,42,40,25,68,65,53,46,62,62,100,31,,37,41,52,30,60,54
N Jones,Mid,734000,552000,0.7,18,87,83,110,106,50,87,78,107,100,100,78,71,83,,93,93,69,77,80,94
D Kent,Fwd,433000,466000,0.7,3,87,,,86,93,30,,,,,,,,,,,,,,
T McDonald,"Def,Fwd",557000,570000,7.1,13,77,,,,,,71,68,99,113,89,141,114,,73,39,81,88,99,94
C Pedersen,"Ruc,Fwd",587000,495000,0.2,3,126,69,34,,,,,,,,,,48,,,,,,,
J Trengove,Mid,376000,428000,1.7,4,63,,0,,,,,,,,,,,,,92,83,,44,
J Viney,Mid,638000,616000,0.7,7,77,,,,,,,,,64,94,82,86,,107,98,109,,,
J Watts,Fwd,531000,433000,1.2,15,74,112,45,60,84,70,46,80,55,63,,62,38,,,,93,85,49,54
S Atley,Fwd,467000,394000,0.2,18,64,55,59,65,92,58,51,51,64,42,80,66,46,,72,64,54,61,47,68
R Bastinac,Mid,552000,536000,0.0,1,105,,,,,56,,,,,,,,,,,,,,
A Black,Fwd,426000,433000,0.3,3,84,,,,,,,,,,83,75,30,,,,,,,
B Cunnington,Mid,620000,657000,0.8,18,70,85,71,96,98,109,88,91,139,91,77,83,87,,89,108,114,66,109,147
M Daw,"Ruc,Fwd",394000,415000,2.9,14,30,,,66,53,57,75,,59,42,,43,40,,37,49,65,86,82,81
S Gibson,Mid,582000,580000,0.2,6,95,0,,,,,,,,84,85,93,94,78,,,,,,
T Goldstein,Ruc,610000,687000,4.3,18,93,91,117,60,65,79,95,70,77,107,77,87,82,,118,93,132,125,80,123
L Greenwood,"Mid,Fwd",487000,356000,0.3,8,60,,,,,,,,,,68,67,27,,36,,47,83,31,53
B Jacobs,Mid,243000,528000,2.7,13,77,37,107,86,45,63,71,119,56,78,114,72,65,,,,95,,,
J MacMillan,Def,475000,503000,0.5,18,78,84,58,56,72,88,58,58,97,43,96,72,59,,69,83,84,80,79,71
A Mullett,Def,513000,426000,3.6,11,76,49,102,31,72,76,35,77,63,63,,,,,66,54,,,,
R Tarrant,Def,512000,443000,0.6,18,81,50,60,0,75,119,55,53,56,54,50,75,69,,74,56,101,55,62,54
L Thomas,Fwd,415000,396000,0.1,7,81,,,,,41,,,,,,,,67,56,79,63,57,33,
S D. Thompson,Def,432000,448000,0.5,18,97,63,64,52,109,95,50,58,55,55,63,50,54,,72,84,121,57,33,53
D Wells,"Mid,Fwd",544000,466000,0.2,4,118,,,,,,,,76,75,,45,31,,,,,,,
M Wood,Fwd,458000,460000,0.5,9,60,,,,,,,105,54,33,55,80,75,,55,94,,,,73
S Wright,Def,303000,441000,0.7,12,89,,,,,,,72,42,48,30,71,68,,60,104,79,72,52,49
J Ziebell,"Mid,Fwd",662000,545000,2.1,18,93,85,95,94,84,108,42,74,87,92,46,109,76,,78,83,75,122,55,76
B Ah Chee,"Mid,Fwd",392000,382000,1.3,6,72,,,,,,,,95,36,54,62,,,,58,42,,,
T Boak,"Mid,Fwd",643000,580000,2.8,18,86,99,77,79,68,101,94,98,84,113,,57,79,85,94,84,86,88,91,94
T Clurey,Def,359000,389000,0.5,17,66,70,46,37,25,66,62,,29,76,,54,41,35,71,75,65,44,82,41
B Ebert,Mid,724000,550000,0.9,18,83,104,78,70,78,126,137,92,100,82,,73,82,82,86,85,92,57,75,106
R Gray,"Fwd,Mid",572000,492000,24.3,17,72,,119,89,117,126,101,91,104,61,,69,66,105,62,62,83,25,113,76
H Hartlett,Def,496000,556000,2.4,5,82,92,77,98,65,101,,,,,,,,,,,,,,
J Hombsch,Def,354000,290000,0.3,12,47,,,,,68,35,44,48,17,,63,0,34,,30,,54,58,30
T Jonas,Def,427000,483000,0.7,14,105,74,96,66,90,108,66,60,95,83,,74,56,,103,,51,,,44
M Lobbe,Ruc,338000,385000,1.1,2,27,,,,,,,,,,,,,,,,,,86,80
J Neade,Fwd,423000,348000,0.2,7,67,,,,,56,76,15,62,50,,58,33,,,,,,,
C O'Shea,Def,231000,338000,8.4,10,60,,45,,64,38,66,70,47,30,63,66,,,31,,,,,
J Pittard,Def,541000,450000,0.4,7,51,,,,,,,35,,,,,74,46,63,53,,,100,78
J Trengove,Fwd,446000,444000,0.3,12,48,31,53,,,,,,,77,87,70,,61,50,56,95,73,20,120
J Westhoff,"Mid,Fwd",585000,660000,26.2,18,121,132,104,75,88,118,113,87,115,78,,96,106,105,97,113,111,94,90,87
O Wines,Mid,703000,652000,5.7,18,98,101,125,77,83,89,61,76,100,98,,64,138,137,102,84,69,118,101,101
C Wingard,"Mid,Fwd",649000,616000,12.0,17,91,92,54,73,53,47,73,,73,63,,49,121,124,73,102,106,97,81,105
A Young,Fwd,387000,467000,1.5,18,59,112,42,51,79,76,54,101,58,56,,34,88,41,56,77,67,72,106,63
D Astbury,Def,454000,413000,0.6,17,51,68,63,65,72,79,29,94,57,22,60,39,55,,,70,66,69,67,72
R Conca,Def,425000,522000,4.4,14,119,63,48,77,100,93,38,87,91,58,72,104,104,92,,5,,,,
T Cotchin,Mid,673000,507000,6.2,17,102,86,76,103,94,71,74,,114,67,104,80,65,78,,85,103,48,67,65
M Dea,Def,446000,382000,0.1,11,80,27,56,,,,,,,76,30,76,34,,74,55,,71,73,15
B Deledio,Fwd,530000,605000,0.7,8,99,58,81,64,88,136,116,,,,,,,,,,,,70,80
S Edwards,"Mid,Fwd",437000,468000,8.7,18,66,62,71,66,36,79,53,80,39,51,62,111,49,61,,79,86,62,61,90
B Ellis,Def,596000,516000,5.8,14,83,69,50,76,68,64,,,,,83,89,74,71,,52,101,101,63,71
S Grigg,Mid,672000,537000,3.5,16,105,59,56,77,81,82,79,,,70,81,89,74,70,,99,106,68,80,57
D Grimes,Def,328000,415000,4.5,17,74,27,34,57,50,26,33,69,44,28,,57,60,68,,78,72,77,57,48
B Houli,Def,637000,489000,2.5,10,114,,49,102,67,95,72,90,103,62,10,,,,,,,76,,
D Martin,Mid,800000,595000,34.8,17,96,110,127,67,111,73,101,93,48,73,82,93,,76,,90,114,91,90,80
K Mcintosh,"Def,Mid",449000,303000,0.9,15,34,74,27,67,57,52,23,95,66,30,65,22,37,30,,,,,48,72
A Rance,Def,458000,388000,9.8,18,74,55,64,88,43,73,46,82,68,55,55,80,67,89,,44,52,60,44,54
J Riewoldt,Fwd,544000,563000,8.6,18,90,100,60,87,72,78,101,91,87,94,1,39,81,66,,136,93,88,85,81
N Vlastuin,Def,464000,524000,4.3,15,104,47,,95,64,,55,50,131,50,90,74,68,98,,111,,69,63,63
D Armitage,Mid,459000,553000,1.8,11,74,80,90,57,,,,79,34,33,,,,96,,110,105,110,63,
J Geary,Def,423000,482000,1.3,17,51,97,94,52,96,53,67,55,35,63,126,38,0,,,75,61,70,91,95
S Gilbert,Def,435000,341000,0.1,9,74,,,,63,57,73,88,65,,,,,,,,17,30,46,50
T Hickey,Ruc,467000,506000,0.8,12,82,,,,70,94,71,89,82,62,79,60,97,,,,,75,79,68
B McEvoy,Ruc,644000,563000,1.6,15,83,63,116,83,54,72,107,75,107,89,68,97,,76,81,73,107,,,
J Newnes,"Mid,Fwd",621000,447000,0.3,18,86,90,57,94,49,12,70,78,73,87,49,113,78,94,,47,52,86,49,57
D Roberton,Def,636000,551000,1.6,4,153,103,65,63,21,,,,,,,,,,,,,,,
S Ross,Mid,718000,656000,1.2,17,101,123,91,132,67,118,78,121,82,86,133,95,89,137,,67,77,,121,105
R Stanley,"Ruc,Fwd",501000,590000,1.7,15,103,,71,0,81,79,72,107,,,91,50,75,113,,104,79,101,99,67
J Steven,Mid,661000,613000,3.8,18,90,133,112,99,65,104,100,95,90,105,134,71,49,110,,95,63,136,70,104
J Webster,Def,471000,500000,1.1,13,104,80,95,72,,,100,95,98,69,118,76,93,11,,,85,66,,
N Wright,Fwd,258000,238000,0.1,2,55,,,29,,,,,,,,,,,,,20,,,
S Biggs,Def,542000,437000,0.1,5,87,65,,,55,,,,,,,,,44,,,61,62,,
H Cunningham,Fwd,434000,501000,0.3,18,71,55,74,66,55,79,73,34,95,96,65,55,89,85,,66,70,71,95,76
H Grundy,Def,439000,432000,0.7,16,96,15,60,48,57,58,93,94,93,72,55,57,73,87,,63,47,,,40
D Hannebery,Mid,665000,382000,0.9,11,72,,73,82,68,54,,,,63,40,48,49,53,,76,34,,,
K Jack,"Mid,Fwd",526000,353000,1.8,15,87,72,66,66,62,39,85,77,54,55,46,62,0,55,,39,22,,,
L Jetta,"Mid,Def",472000,412000,1.4,14,29,58,85,43,75,,45,,,51,51,72,,39,68,41,54,83,102,
J P. Kennedy,Mid,690000,594000,3.3,18,104,80,105,100,43,66,111,122,62,90,113,82,114,86,,119,87,27,134,75
J Lamb,Fwd,446000,391000,0.1,14,54,58,59,24,,44,,,67,65,38,30,,74,70,39,82,56,,65
J Lloyd,Def,649000,671000,41.5,18,128,115,75,87,67,89,120,67,120,163,90,88,95,105,,125,112,100,73,94
H Marsh,Def,367000,348000,0.2,9,45,,,,,72,30,58,,,36,47,58,60,,,,43,68,
J McVeigh,Def,530000,546000,1.1,14,92,42,95,68,66,89,83,81,76,101,78,80,90,,,85,70,,,
T Membrey,Fwd,509000,476000,0.3,16,75,100,34,,,35,57,67,73,54,72,120,60,81,,91,48,75,56,89
T Mitchell,Mid,896000,936000,74.0,18,109,156,137,148,83,83,147,119,58,149,135,145,,120,84,195,96,157,187,160
L Parker,Mid,693000,628000,8.9,18,94,127,97,71,114,73,80,73,102,97,67,98,118,75,,106,111,59,119,97
D Rampe,Def,470000,434000,2.2,18,66,59,31,65,75,90,63,46,96,77,44,33,77,38,,62,65,97,74,47
S B. Reid,Fwd,490000,494000,0.2,1,74,,,80,,,,,,,,,,,,,,,,
D Robinson,Fwd,358000,327000,0.0,5,53,,,,,,30,,67,,,,38,,,,54,46,,
G Rohan,Fwd,428000,293000,0.7,11,72,,47,43,,57,51,47,42,38,,52,51,34,,16,,,,
N Smith,Def,369000,376000,1.5,18,71,77,87,58,45,72,79,34,72,64,49,76,43,84,,45,60,61,39,54
D Towers,Fwd,446000,359000,0.1,8,97,59,71,47,71,66,,50,19,,,,,,,,30,,,
L Dahlhaus,"Mid,Fwd",624000,503000,4.2,17,98,98,58,105,92,83,59,102,55,88,108,65,,58,59,115,62,83,46,
T Dickson,Fwd,446000,355000,0.0,5,94,,,51,66,33,,,,,50,17,,,,,,,,
R Griffen,"Mid,Fwd",470000,438000,0.4,13,62,,,,69,42,80,48,76,63,60,90,67,,57,50,73,80,,
S Higgins,Mid,665000,625000,1.3,17,117,87,86,81,117,55,,105,87,80,99,119,123,,98,105,75,98,88,81
N Hrovat,Fwd,494000,333000,0.1,9,47,22,59,29,,,,,,,,,,,36,51,34,64,61,47
L Hunter,Mid,634000,664000,3.2,17,93,108,119,148,48,,104,131,105,90,88,109,,68,95,89,106,117,104,103
J Johannisen,"Def,Fwd",535000,509000,3.8,18,89,58,73,67,63,83,74,83,76,68,58,71,,46,68,72,116,79,90,46
L Jones,Def,380000,376000,1.0,17,85,33,51,36,34,77,57,60,52,35,45,62,,50,99,70,34,62,28,
L Jong,"Mid,Fwd",505000,437000,0.3,7,121,,49,70,79,92,62,51,,,,,,,,8,,,,
T Liberatore,Mid,507000,469000,5.1,1,123,9,,,,,,,,,,,,,,,,,,
J Macrae,Mid,732000,712000,10.7,15,131,109,134,116,128,99,145,151,155,144,113,107,,44,,,,133,76,112
D Morris,Def,284000,336000,0.4,7,57,,,,,,,,,,,43,,,52,44,74,59,46,40
J Redpath,Fwd,452000,420000,0.1,2,90,,,42,51,,,,,,,,,,,,,,,
F Roberts,Def,266000,270000,0.4,2,47,51,,,,,,,,,,,,,,,,,,28
J Roughead,Ruc,483000,468000,0.6,8,71,76,22,,,,,,,58,70,71,,,,,,101,82,51
K Stevens,Mid,601000,602000,0.2,2,95,82,98,,,,,,,,,,,,,,,,,
J Stringer,Fwd,403000,507000,2.4,16,109,74,45,61,72,71,71,36,47,96,69,93,133,,64,80,50,,,63
M Wallis,"Mid,Fwd",526000,543000,1.1,14,89,,,93,86,76,96,70,75,81,,,,76,84,85,70,101,82,72
E Wood,Def,412000,388000,0.9,10,68,28,59,50,79,36,51,,,66,71,67,,36,,,,,,
J Cripps,Fwd,506000,536000,0.6,18,70,50,79,74,96,94,69,91,83,46,44,76,,72,90,104,98,30,101,106
J Darling,Fwd,490000,507000,1.5,14,105,81,101,60,103,42,101,114,121,151,58,5,,,,,,66,109,45
A Gaff,Mid,709000,766000,16.0,18,151,96,92,120,122,99,120,110,86,107,154,102,,82,114,148,146,109,104,83
S Hurn,Def,541000,610000,12.3,18,92,112,118,87,98,62,124,82,89,81,68,108,,58,93,99,94,109,86,93
M Hutchings,"Mid,Fwd",370000,497000,4.7,13,83,,,86,,69,,126,95,66,67,73,,,46,114,66,77,62,81
J J. Kennedy,Fwd,575000,475000,2.5,11,72,,,,81,35,41,64,41,68,72,111,,55,,,,78,71,
M LeCras,Fwd,510000,447000,0.7,16,80,112,86,73,67,66,80,69,45,93,77,61,,63,51,,,83,72,50
S Lycett,Ruc,423000,460000,4.7,18,56,55,112,67,59,97,85,80,83,71,77,88,,79,58,54,63,54,79,94
C Masten,Mid,551000,512000,0.5,17,90,49,67,82,138,97,84,75,66,70,38,,,105,71,84,76,67,104,53
J McGovern,Def,550000,463000,4.8,17,59,84,64,37,101,52,76,49,,86,56,98,,65,56,56,42,107,76,72
F McInnes,"Ruc,Fwd",340000,328000,0.9,3,56,,,,,,,,48,,,,,,43,50,,,,
N Naitanui,Ruc,417000,546000,23.9,15,110,93,70,81,82,80,56,73,,90,100,95,,84,76,78,115,32,,
M Rosa,Mid,528000,476000,0.1,5,110,80,,,,75,51,85,,30,,,,,,,,,,
W Schofield,Def,243000,241000,1.1,9,33,35,,0,,,,,25,,,,,,37,31,51,36,25,48
S Selwood,Mid,704000,506000,0.3,8,68,,,65,78,33,,82,,,,,,,,,85,63,58,109
B Sheppard,Def,432000,492000,1.1,18,78,69,61,78,59,50,53,70,88,87,83,69,,54,88,93,45,81,86,70
L Shuey,Mid,696000,590000,3.2,13,60,102,68,93,84,90,111,9,,,,,,53,73,114,96,116,102,
C Sinclair,Ruc,525000,619000,5.8,18,102,87,93,123,98,76,108,112,98,64,60,117,110,73,,89,116,105,70,95
S Lloyd,Fwd,447000,449000,3.6,5,61,,,52,,52,,79,95,58,,,,,,,,,,
S Gray,Fwd,577000,406000,0.6,16,83,64,80,109,78,59,111,38,77,77,,36,93,62,47,55,,62,44,
B Brown,Fwd,509000,476000,2.9,18,101,29,89,82,115,80,57,72,56,91,59,55,39,,81,93,73,104,57,35
S Lemmens,"Def,Fwd",371000,335000,0.3,7,65,,,,,,,,,,,,,68,52,56,32,53,51,40
G Hewett,"Mid,Fwd",535000,423000,0.6,18,76,82,63,19,22,65,67,66,84,88,93,66,44,64,,67,46,76,76,42
L Dunstan,Mid,617000,511000,0.8,15,89,,,102,129,78,69,102,120,96,30,,78,63,,55,86,103,81,49
A Aliir,Def,333000,441000,1.6,7,55,,,,31,,,,,,,,,76,,62,73,88,85,59
M Scharenberg,Def,548000,458000,0.7,17,100,,93,47,57,57,91,44,132,98,91,89,48,,85,87,63,50,65,49
J Aish,"Def,Mid",421000,488000,2.0,6,104,54,102,84,81,74,34,,,,,,,,,,,,,
R Knight,Fwd,471000,447000,0.1,5,40,,,,,34,65,,,,,,,,,,,65,74,101
T Langdon,Def,512000,502000,0.5,15,71,47,77,85,49,84,,,,116,91,73,80,,78,66,83,66,58,103
P Ambrose,Def,342000,303000,0.2,7,77,,,,,,53,46,73,57,17,,,,,41,24,,,
T Dumont,Mid,546000,499000,0.2,18,83,88,66,82,83,72,54,99,82,97,65,55,57,,94,83,105,42,68,85
J Martin,Fwd,585000,555000,1.0,16,77,95,88,84,77,86,63,115,96,0,,58,50,89,87,86,96,87,,
B Hartung,Mid,563000,410000,0.5,13,109,73,107,60,100,74,59,76,52,63,79,66,36,,21,,,,,
K Kolodjashnij,Def,604000,514000,0.2,6,114,72,73,86,73,,,,,,,,,,,,,,71,43
L Taylor,Fwd,547000,453000,0.4,18,70,104,94,46,81,87,79,86,37,69,59,72,77,,89,75,58,56,56,89
J Barrett,Fwd,468000,390000,0.0,5,83,,,,,,,,,,,,,,,42,86,39,45,47
J Impey,Fwd,403000,453000,2.5,18,93,66,75,70,87,75,67,50,62,90,93,52,,74,100,76,70,56,49,62
D Gardiner,Def,384000,458000,0.4,18,53,53,47,69,53,49,72,50,51,67,57,36,80,,38,59,118,40,99,74
J Kolodjashnij,Def,408000,340000,0.9,18,32,70,53,72,52,35,61,60,31,54,53,52,76,35,,4,62,54,78,55
B Acres,"Mid,Fwd",549000,576000,1.1,8,99,124,92,77,83,100,69,,78,,,,,,,,,,,91
D Sheed,Mid,606000,439000,0.2,12,95,65,58,119,81,65,80,,,57,81,89,,35,,,,,34,69
J Leslie,Def,353000,312000,0.1,5,44,,,,,,,,37,26,,,55,54,50,,,,,
J Hogan,Fwd,499000,553000,6.5,18,108,68,133,104,85,102,57,110,110,61,113,123,53,,57,94,90,108,64,58
O Fantasia,Fwd,481000,529000,1.2,11,52,,,59,57,,,,88,107,68,52,66,,55,103,,,116,88
J Kennedy-Harris,Mid,383000,401000,0.4,3,59,,,,,,,,,,,,,,,,,76,54,64
J Kelly,Mid,795000,731000,26.6,12,114,115,118,88,,,,,,,93,96,166,,138,107,89,88,115,126
J Billings,Fwd,666000,582000,16.8,18,92,123,71,58,81,87,64,66,58,70,89,54,0,104,,93,84,120,86,75
L McDonald,"Def,Mid",603000,496000,1.4,18,106,54,83,80,87,70,70,55,89,86,70,133,61,,60,90,104,62,47,60
C Salem,"Def,Mid",600000,508000,0.9,17,76,43,41,88,73,83,104,,119,73,107,84,66,,44,48,100,84,87,65
T Boyd,Ruc,451000,418000,1.2,12,73,,,,,54,72,73,86,63,65,31,,58,69,85,60,,44,
M Honeychurch,Fwd,462000,420000,0.2,13,85,61,67,76,63,106,,57,53,,,65,,76,54,,,65,60,45
D Lang,Fwd,437000,435000,0.1,7,44,,,,,,,,77,78,62,49,,49,,,61,,,113
N Robertson,"Def,Mid",443000,431000,0.8,17,88,104,74,50,56,82,60,,38,49,61,72,87,,71,98,51,52,62,53
K Amon,Mid,501000,386000,0.0,6,78,,,,52,42,49,58,,,,,,,,,,72,30,
M Bontempelli,Mid,706000,570000,2.0,15,108,68,73,82,95,75,122,,117,92,60,95,,89,67,106,84,,,61
M Crouch,Mid,752000,710000,9.9,14,95,123,33,,,,91,106,97,,103,116,67,106,,120,117,94,121,123
T Cutler,"Def,Mid",538000,606000,0.9,15,89,,,94,45,104,78,43,98,126,71,73,59,,97,101,142,59,97,
N Holman,"Mid,Fwd",170000,427000,10.2,18,82,89,84,67,29,70,30,77,43,108,,88,64,68,52,80,45,70,83,35
J Kelly,Def,404000,408000,1.2,17,56,70,94,61,43,86,,68,67,45,41,82,46,103,,30,55,62,73,66
D McStay,Def,357000,369000,0.3,15,44,33,58,,,51,36,51,90,35,42,80,54,,,71,35,49,51,86
J Sicily,"Def,Fwd",523000,645000,29.8,14,94,92,69,,78,111,,135,104,71,80,90,,109,91,94,118,96,,
J Harmes,"Mid,Fwd",485000,498000,0.7,18,89,77,83,76,39,68,90,77,131,91,80,74,62,,59,101,96,52,54,85
T Nankervis,Ruc,612000,574000,7.5,18,91,81,98,97,69,56,131,77,119,79,107,85,60,58,,131,90,59,94,94
A Pearce,Def,197000,257000,9.3,17,62,48,50,51,45,43,50,47,56,29,30,23,73,,,34,59,30,26,21
C McCarthy,Fwd,408000,247000,0.5,13,59,79,42,85,27,86,44,34,32,44,39,26,,,,,,14,35,
T Barrass,Def,414000,373000,0.5,12,42,77,68,31,80,15,31,24,77,41,69,82,,,,,,,,57
C Cameron,Fwd,477000,435000,1.7,11,118,87,93,63,41,79,61,52,125,72,29,14,,,,,,,,
P Cripps,Mid,692000,755000,24.6,18,81,130,95,89,76,138,112,82,93,140,92,57,,109,146,106,96,122,116,162
R Lobb,"Fwd,Ruc",467000,367000,1.7,13,53,74,72,52,,,,,82,55,98,60,17,,,57,51,44,61,65
M Apeness,"Fwd,Ruc",170000,341000,6.0,5,43,,,,,,,,,,,81,65,58,,77,40,,,
D Byrne-Jones,Def,461000,502000,1.4,17,91,85,60,51,50,95,88,89,104,106,,73,108,52,42,,95,78,84,51
Z Jones,Mid,556000,467000,0.6,16,80,68,,,46,101,67,73,61,49,86,68,86,77,,69,71,65,68,68
Z Merrett,Mid,825000,745000,26.4,18,117,23,78,60,121,109,121,64,81,108,98,102,126,,103,106,124,138,112,99
K Turner,Fwd,456000,274000,0.2,18,43,44,51,20,38,68,60,44,24,48,102,54,41,,19,46,66,0,35,60
J Hunt,Def,510000,385000,0.6,5,84,70,31,,,40,40,60,,,,,,,,,,,,
C Byrne,Def,350000,350000,2.5,3,56,50,54,,,,,,,,,,,,,,,,,53
S J. Reid,Fwd,324000,324000,0.4,17,61,60,52,23,61,35,35,42,47,47,,49,50,,50,72,46,36,55,40
C Petracca,"Mid,Fwd",500000,554000,12.2,17,73,98,75,98,73,69,,62,58,79,98,79,53,,77,71,110,74,110,81
P McCartin,Fwd,336000,338000,0.7,13,56,37,49,49,63,56,60,31,,,46,47,53,58,,63,35,,,
P Wright,Fwd,490000,454000,0.0,6,69,,,,,,,,,,,,,,72,35,82,59,93,56
A Brayshaw,"Def,Mid",462000,695000,29.4,15,118,,,,67,53,78,113,80,101,166,133,47,,103,116,113,128,88,95
S Durdin,Def,308000,293000,0.0,1,64,,,,,,,,,,22,,,,,,,,,
D Moore,Fwd,437000,321000,0.2,7,66,86,36,,,,,28,17,,,,,,,,,54,0,47
J Lever,Def,481000,426000,2.5,11,95,46,52,66,55,90,59,55,56,99,72,8,,,,,,,,
J Laverde,Fwd,372000,352000,1.0,6,53,,,,,,99,40,31,42,54,67,,,,,,,,
P Ahern,"Fwd,Mid",170000,447000,27.4,8,30,,,,,,,,,,,92,51,,40,82,88,78,55,118
L Weller,"Mid,Def",521000,542000,1.6,18,74,65,36,79,90,87,77,77,72,86,,64,48,68,51,116,87,72,109,80
J Pickett,Fwd,285000,271000,0.4,5,38,,,,,,,,,,,,,,,37,33,40,51,41
C Marchbank,Def,489000,365000,0.6,8,29,86,66,18,,,33,,,,,,,,,,43,33,78,89
J De Goey,"Mid,Fwd",560000,572000,5.8,14,70,,,,70,75,45,113,91,91,61,56,117,,91,64,104,73,119,
L Duggan,Def,475000,472000,0.7,18,66,45,71,0,68,46,66,63,86,79,67,75,,59,81,53,64,73,100,63
C Ellis,"Def,Mid",383000,332000,0.5,4,66,52,32,,,,,,,,,,,,,,40,50,,
K Langford,"Mid,Fwd",434000,525000,0.7,12,91,68,63,,,,,,,87,69,84,68,,93,102,55,105,65,74
I Heeney,"Mid,Fwd",649000,560000,42.7,17,103,98,88,97,88,115,91,75,105,105,98,100,118,101,,18,,103,65,90
J Garlett,"Fwd,Mid",319000,342000,9.4,11,54,74,46,69,67,34,,63,39,52,,,,,39,64,,50,,
C Blakely,"Mid,Def",646000,612000,2.6,13,88,63,119,86,62,107,116,59,131,84,62,90,111,99,,,,,,
J Steele,Mid,654000,631000,0.3,17,106,57,69,,89,89,99,90,67,102,96,74,72,94,,106,95,126,93,75
N Cockatoo,Fwd,360000,347000,0.5,2,56,,31,67,,,,,,,,,,,,,,,,
T Miller,Mid,549000,593000,0.5,18,104,76,81,80,65,89,106,105,107,88,,99,79,49,91,114,104,78,89,80
E Vickers-Willis,Def,324000,345000,0.6,7,55,69,36,36,74,37,62,47,,,,,,,,,,,,
B Maynard,Def,509000,514000,0.8,14,74,72,62,63,56,75,58,,,,,144,45,,79,67,82,73,95,75
D McKenzie,Def,360000,378000,0.2,9,64,,,,,,,,,,53,54,40,74,,53,72,56,53,52
A Neal-Bullen,Fwd,571000,530000,0.4,18,56,53,87,81,100,47,32,59,87,91,122,108,80,,70,49,68,87,84,112
L Webb,"Mid,Fwd",318000,319000,0.5,5,57,,45,,,70,,,29,51,,,,42,,,,,,
C Menadue,Mid,385000,342000,0.2,4,63,,,,,,,,,,33,65,41,,,,,,47,
J Lonie,Fwd,427000,420000,0.0,7,40,,,,51,,,,,63,56,49,54,,,,,93,,83
E Langdon,"Mid,Fwd",476000,552000,3.4,17,108,66,62,111,,81,120,68,130,114,106,61,106,82,,112,72,97,19,101
B Stretch,Mid,472000,469000,0.0,2,63,,,,,54,,,,,,,,,,,97,,,
T McLean,"Mid,Fwd",603000,607000,26.0,18,104,68,110,103,91,109,87,143,109,101,152,89,,49,75,114,84,84,101,80
J Cunico,Mid,222000,461000,3.6,14,63,,,0,97,57,93,68,69,57,63,84,96,70,,36,,,66,101
D Howe,Mid,534000,509000,0.4,15,86,99,87,70,86,72,81,40,70,,,93,,91,69,56,117,59,68,
J Nelson,Def,345000,289000,0.4,10,52,16,61,31,48,27,,48,47,,,45,,48,32,,,,,
J Rose,Fwd,383000,373000,0.0,1,71,,,,,,,,,,,,,,,41,,,,
O McDonald,Def,431000,271000,0.3,18,52,32,48,14,51,56,34,52,35,54,34,55,34,,25,53,47,35,46,27
H Andrews,Def,384000,450000,0.4,14,96,48,60,41,68,79,64,73,81,84,44,84,115,,16,,,,,49
Z Cordy,Def,394000,329000,0.2,16,57,56,77,75,,57,40,35,43,59,30,,,63,59,70,27,47,50,50
M McGovern,Fwd,475000,482000,0.7,10,105,46,45,93,70,87,75,114,54,,,,,,,,,,55,50
T Miles,"Def,Fwd",266000,371000,2.1,4,13,,,,,,,,,,,,,,,,67,65,64,100
C Daniel,"Mid,Fwd",530000,460000,0.9,16,72,,57,99,65,98,85,65,92,71,79,60,,16,70,,81,73,95,47
D Howard,Def,338000,291000,1.3,17,68,50,20,52,77,55,56,56,48,28,,51,56,46,58,44,35,36,28,
C Gregson,Fwd,283000,297000,0.4,10,65,42,57,74,15,,49,53,43,48,48,,,19,,,,,,
J Finlayson,"Def,Mid",170000,337000,12.4,12,66,65,90,59,90,60,65,56,59,46,,,,,26,44,53,,,
L Austin,Def,184000,408000,14.0,5,59,,,,,,,,,,97,112,84,30,,,69,,,
D Butler,Fwd,394000,386000,0.8,15,78,88,57,55,32,42,78,38,52,39,98,69,45,69,,51,41,,,
B Dale,Mid,475000,392000,0.3,10,80,83,39,69,64,57,51,58,93,20,49,,,,,,,,,
E Hughes,Def,435000,373000,0.0,4,73,,,,,,,42,,,,,,,,,52,54,46,
B Gowers,Fwd,170000,417000,7.3,17,80,53,70,44,51,46,61,53,81,45,47,53,,53,119,80,31,57,61,
A Saad,Def,429000,441000,2.0,18,72,41,50,32,39,72,58,36,62,77,86,75,96,,75,64,44,66,73,65
J Castagna,Fwd,391000,325000,3.9,16,43,79,29,80,99,81,52,64,33,38,,,57,59,,25,47,61,29,70
K Lambert,"Mid,Fwd",600000,571000,2.4,18,101,47,56,60,94,122,74,104,85,52,63,33,87,89,,114,104,80,94,66
J Short,Def,398000,588000,4.9,18,97,52,71,75,85,59,77,52,57,64,88,104,100,74,,95,108,84,98,76
J Sinclair,Mid,554000,517000,0.2,16,107,39,61,91,72,113,49,,,103,85,121,82,85,,91,65,78,61,63
L Melican,Def,330000,337000,0.7,3,51,49,51,54,,,,,,,,,,,,,,,,
N Newman,Mid,610000,469000,0.1,7,72,67,,,50,,,,,,,44,0,,,,,64,91,68
R Smith,Def,256000,270000,1.0,8,40,,,,,,,,,,63,37,,41,32,50,31,43,45,
M Cox,"Ruc,Fwd",418000,395000,4.9,17,58,40,,54,28,82,73,60,45,30,42,57,114,,48,46,61,0,63,65
C McKenna,Def,430000,388000,0.3,14,51,59,83,57,,,,59,81,70,76,52,41,,61,46,51,67,,73
J Long,Mid,233000,273000,0.5,2,15,,,,,,,,,,,,,,,,66,58,,
A McDonald-Tipungwuti,Fwd,478000,481000,2.4,18,55,73,33,59,64,61,54,34,58,73,51,70,74,,75,73,56,87,84,87
D Parish,"Mid,Fwd",551000,473000,0.8,11,66,80,77,54,68,88,92,49,47,,,,,,,,,84,69,85
J Hopper,Mid,461000,541000,0.6,15,69,,,75,88,84,61,56,75,86,109,68,87,,68,85,,70,100,93
C Curnow,Fwd,502000,504000,9.1,17,69,115,82,95,53,76,89,,75,0,47,81,,57,100,97,46,82,59,108
C Oliver,Mid,715000,747000,8.8,18,114,114,125,88,105,114,78,107,122,72,119,105,135,,93,82,141,121,136,89
J Weitering,Def,409000,391000,4.8,12,59,38,38,41,45,,,,,,56,71,,83,63,44,48,,77,58
J Schache,Fwd,326000,387000,0.4,9,77,,,,,,,,,,35,56,,60,69,70,57,78,51,35
C Mills,Def,488000,497000,4.0,9,92,92,50,97,64,78,79,82,60,66,,,,,,,,,,
A Francis,"Def,Fwd",259000,270000,1.5,1,29,,,,,,,,,,,,,,,,,,,59
S Weideman,Fwd,224000,274000,0.7,5,48,,,,,73,35,45,28,,,,,,,46,,,,
W Milera,"Mid,Fwd",426000,499000,1.7,15,47,,80,41,63,75,110,20,,,60,70,78,71,,72,66,81,80,112
H McKay,Fwd,225000,365000,5.0,9,53,,,,,75,50,53,62,62,37,,,,,,,63,75,47
C Ah Chee,Fwd,361000,382000,0.2,10,81,,,,,,,68,57,43,,72,65,60,77,,59,33,46,
D Rioli,Fwd,367000,417000,2.0,6,70,,,,,,,,,,,,,82,,44,76,79,62,47
H Himmelberg,Def,347000,426000,0.8,18,80,51,25,33,58,31,53,47,44,38,51,65,91,,71,75,86,49,56,58
J Gresham,Fwd,460000,521000,0.4,18,60,78,77,38,58,50,43,89,64,67,97,67,50,96,,87,80,50,104,101
E Hipwood,Fwd,321000,433000,1.6,18,73,38,55,71,37,53,27,49,64,81,42,52,38,,55,79,110,75,33,68
M Kennedy,Mid,485000,469000,3.5,11,52,7,,54,88,,80,46,,,,,,,74,68,66,55,108,80
T Doedee,Def,170000,488000,37.5,17,101,80,78,64,50,102,81,47,53,76,74,58,80,71,,87,106,70,27,
B Keays,Fwd,447000,437000,0.0,2,80,,,,,,,,,,,71,49,,,,,,,
D Cuningham,"Mid,Fwd",420000,335000,4.3,5,90,,73,51,29,,,,,,25,34,,,,,,,,
B Fiorini,Mid,589000,594000,0.1,7,103,92,74,73,100,114,76,,,,,,,,,,,,,75
M Redman,Def,176000,261000,18.2,2,-15,,,,,,,,,,,,92,,71,,,,,
J Schoenfeld,Mid,355000,390000,0.3,5,83,,,,,,,,,,,,,64,76,61,71,19,,
R Clarke,Def,484000,486000,0.6,15,41,83,23,67,63,104,83,75,71,82,41,,,,,58,93,29,114,105
T Cole,Def,271000,327000,1.8,15,35,,,0,,76,80,60,45,63,39,63,,45,46,44,34,41,68,64
J Dunkley,"Fwd,Mid",517000,635000,1.3,15,75,88,77,89,117,41,71,99,95,57,,,,,74,112,109,99,104,116
R Burton,Def,594000,444000,1.4,17,77,19,48,39,,40,61,58,67,63,92,93,,66,62,68,63,73,62,60
D Tucker,"Mid,Fwd",439000,388000,0.4,15,57,42,,,57,79,77,61,40,95,53,93,54,47,,71,23,,61,77
R Bonner,Def,423000,358000,3.5,17,85,102,70,83,56,75,62,71,66,45,,72,53,59,54,66,54,36,,29
R Mathieson,"Mid,Fwd",506000,417000,0.1,9,76,,84,41,55,,,,,,,,,,83,54,80,52,45,65
A Morgan,Def,170000,215000,5.1,2,16,,,,,,,,,,,,,,,,,79,20,
B White,Def,293000,319000,0.4,7,48,,,41,34,85,62,,,,3,69,0,,,,,,,
B Sier,Mid,170000,301000,15.9,4,14,,,,,,,,,,,,,,,82,51,54,69,
M Adams,Def,513000,440000,0.3,6,100,,,,,,,,,,,,,,83,54,81,65,49,38
A Johnson,Fwd,280000,288000,0.2,3,51,,,,,,48,57,,,,,,,,,24,,,
B Rice,Def,170000,339000,3.8,8,58,,,,,,,,,56,75,64,87,35,,26,,72,47,
B Williams,Def,437000,544000,1.0,13,86,53,83,114,68,,65,84,74,89,80,89,,83,79,83,,,,
B Hardwick,Def,431000,440000,0.6,18,61,82,82,67,29,55,84,71,68,63,89,82,,63,58,78,37,66,79,75
A Keath,Def,275000,290000,0.4,3,30,,,,,,,,,,,,,,,,,46,46,63
B Crocker,Fwd,310000,323000,0.3,10,60,49,51,43,65,51,,35,30,,,,,,,91,37,30,,
B Lynch,Def,170000,269000,12.3,5,54,,,,,,,,,,,,,,,63,72,41,34,24
C Moore,Fwd,195000,294000,4.2,6,55,,,,,,,,,,51,70,32,,,,79,29,32,
C O'Riordan,Def,170000,277000,18.5,3,16,,,,,,,,,,,,,,,,,84,72,34
C Glass,Def,328000,319000,0.2,3,48,,,,42,41,,,,,,,,,,60,,,,
D Houston,Def,511000,490000,0.8,18,98,76,63,72,69,89,79,101,83,53,,45,54,79,78,93,85,68,82,42
D Lloyd,Fwd,316000,361000,0.8,12,75,76,48,87,57,53,95,55,52,66,22,59,42,,,,,,,
D MacPherson,Fwd,389000,465000,1.4,5,100,97,98,61,53,48,,,,,,,,,,,,,,
H Greenwood,Mid,555000,537000,1.5,18,57,52,81,75,91,86,70,102,105,103,103,90,50,54,,79,76,66,104,109
J Silvagni,Fwd,402000,347000,3.2,12,48,29,,,58,45,34,,,,,73,,60,59,32,52,52,60,56
J Parsons,Fwd,327000,367000,0.4,10,71,78,45,43,,39,57,,64,63,,,68,48,,37,,,,
J Joyce,Def,399000,356000,0.2,16,70,33,71,72,67,30,69,42,,,,45,58,44,54,77,46,52,61,34
J Smith,"Def,Mid",170000,299000,32.3,6,35,,,,,,,,,,,,80,,27,51,54,,61,44
J Dawson,"Mid,Fwd",254000,265000,1.6,1,27,,,,,,,,,,,,,,,,,,,59
J Smith,Def,575000,557000,0.2,1,114,52,,,,,,,,,,,,,,,,,,
J Wagner,Def,467000,431000,0.1,5,98,61,62,80,50,33,,,,,,,,,,,,,,
M Hartley,Def,372000,361000,0.3,4,51,49,39,,56,70,,,,,,,,,,,,,,
N Broad,Def,390000,370000,0.3,13,38,,,,,56,50,40,36,21,59,52,36,68,,47,69,,62,73
R Nyhuis,"Def,Fwd",310000,344000,0.6,6,75,,,,,,,,60,59,,,87,43,,30,,38,,
S Murray,Def,170000,498000,20.0,11,86,76,54,90,85,69,78,101,75,71,,,,,,,,,79,66
T Papley,"Mid,Fwd",555000,422000,0.9,15,57,63,65,65,57,67,72,38,63,64,51,,75,49,,,,69,68,75
T Phillips,Mid,587000,639000,3.8,18,96,67,131,93,100,72,128,114,49,121,120,143,61,,107,98,81,100,82,116
W Buzza,"Ruc,Fwd",304000,278000,3.2,3,52,,,,,,,,,,,38,28,,,,,45,,
J Gallucci,"Mid,Fwd",285000,330000,2.9,12,50,,,,,45,88,49,21,54,48,,,58,,39,45,71,42,49
M Poholke,"Mid,Fwd",170000,315000,8.3,9,48,,,,,54,30,,28,60,47,,81,39,,47,46,,,
J Allison,Mid,419000,389000,0.1,3,87,,,,,56,60,28,,,,,,,,,,,,
J Berry,Mid,423000,514000,1.0,17,86,106,65,55,48,119,77,40,75,60,91,,61,,71,91,66,106,79,60
C Cox,Def,321000,289000,0.2,4,65,,52,33,,,,,,,,,,,,,,38,28,
M Eagles,Def,170000,180000,14.1,4,33,,,,,,,34,30,27,19,,,,,,,,,
H McCluggage,"Mid,Fwd",431000,521000,1.8,18,117,59,69,82,56,99,62,77,67,83,81,28,71,,111,102,91,95,54,42
O McInerney,"Ruc,Fwd",170000,342000,15.2,13,60,,,,,,40,61,84,56,44,53,51,,36,63,43,57,76,26
A Witherden,Def,604000,642000,5.7,18,89,72,77,80,97,123,83,71,91,88,55,78,127,,72,79,116,97,138,77
Z Fisher,"Fwd,Mid",318000,419000,5.4,17,81,72,83,73,53,97,109,57,71,90,61,59,,67,51,69,52,83,34,
P Kerr,Fwd,170000,235000,2.6,4,9,,,,,,,,,25,46,62,,49,,,,,,
S Petrevski-Seton,"Mid,Fwd",478000,455000,7.8,18,67,76,93,44,59,76,63,66,66,92,79,62,,83,66,64,61,65,72,76
C Polson,"Mid,Fwd",185000,192000,24.2,8,25,,40,8,,,,,,,,,,,29,30,29,17,54,23
C Brown,"Mid,Fwd",285000,386000,1.0,7,62,,48,72,70,57,81,,31,,,,,,,,,,,67
J Daicos,"Mid,Fwd",318000,446000,1.5,9,50,,,,,,,,,,61,80,65,,48,71,77,45,104,75
J Begley,Fwd,308000,304000,0.5,5,88,60,53,62,21,5,,,,,,,,,,,,,,
D Clarke,"Mid,Fwd",170000,181000,16.5,1,14,,,,,,,,,46,,,,,,,,,,
A McGrath,"Def,Mid",496000,502000,4.9,16,102,92,45,72,52,48,87,80,,,70,69,74,,85,91,77,107,38,61
B McNiece,Def,254000,286000,0.4,6,42,,,,,,62,54,50,,,,,,,,36,7,77,
K Mutch,Mid,170000,265000,16.7,3,11,,,,,,71,66,43,,,,,,,,,,,
J Ridley,Def,170000,256000,25.5,3,26,,,,,,,,,89,46,27,,,,,,,,
B Cox,"Def,Fwd",370000,372000,0.7,12,102,,,,,,,45,58,77,59,40,110,60,,58,59,84,17,17
S Darcy,Ruc,554000,535000,0.6,4,91,,,,,,,,,,,,,,,,60,103,0,67
T Duman,Def,170000,315000,2.9,8,18,,,,,59,42,26,52,,,60,0,,,,,,70,64
L Ryan,Def,530000,477000,3.3,18,96,71,113,71,58,82,79,47,114,104,124,74,107,80,,35,51,111,45,53
B Ainsworth,Fwd,420000,449000,0.4,14,102,60,44,53,35,40,47,90,70,92,,84,78,80,35,45,,,,
J Bowes,Def,351000,363000,0.6,12,43,75,61,,45,58,55,70,42,42,,53,48,67,,,,,,67
W Brodie,Mid,356000,448000,0.9,6,45,,,,,,,,,,,61,79,,,,78,49,88,91
B Scheer,Fwd,215000,308000,1.4,4,35,,,,,,,74,57,51,,,49,,,,,,,
M Spencer,Def,348000,324000,0.1,2,71,,,,,,40,32,,,,,,,,,,,,
Z Guthrie,Def,237000,283000,3.0,7,63,84,47,62,24,,21,56,,,,,,27,,,,,,
J Henry,"Fwd,Def",170000,366000,3.0,17,43,,28,56,50,34,47,96,35,55,84,26,75,35,,72,49,37,67,75
J Jones,Fwd,170000,269000,4.2,6,47,,,,,,,,,,26,60,50,,,,72,26,29,
Q Narkle,"Mid,Fwd",170000,279000,15.2,5,47,,,,,,,,,,,,,,,88,36,57,32,41
M O'Connor,"Def,Mid",193000,209000,9.3,2,14,,56,0,,,,,,,,,,,,,,,,
B Parfitt,"Mid,Fwd",395000,450000,3.3,15,47,101,63,79,138,89,0,,,,62,71,73,57,,60,57,51,66,112
E Ratugolea,Fwd,170000,318000,9.3,9,78,39,0,84,42,55,59,63,52,,0,,,,,,,,,
S Simpson,Fwd,236000,233000,0.8,1,40,,,,,,,,,,,,,,,,,31,,
T Stewart,Def,424000,495000,2.7,18,127,66,96,84,78,65,62,103,110,55,118,103,99,76,,73,81,63,81,14
I Cumming,Def,170000,191000,8.1,2,21,,,,,,,,52,22,,,,,,,,,,
H Perryman,Def,366000,343000,0.1,6,53,,,39,,,,,,60,59,29,64,,,,55,,,
T Taranto,"Mid,Fwd",433000,588000,20.1,18,81,112,91,52,120,95,100,93,104,70,50,87,97,,86,66,114,98,76,102
J Cousins,Mid,308000,327000,0.3,4,56,,,,,65,50,43,,44,,,,,,,,,,
M Lewis,Fwd,170000,173000,2.3,2,30,,,,,,,,,38,13,,,,,,,,,
H Morrison,Def,396000,386000,1.1,15,59,,,58,77,61,106,61,63,89,50,37,,61,46,51,71,61,54,
M Hannan,"Mid,Fwd",403000,369000,0.4,11,81,38,,,,,99,38,93,77,65,56,41,,69,24,,48,,
C Maynard,Mid,412000,414000,1.1,1,67,62,,,,,,,,,,,,,,,,,,
T Smith,Fwd,179000,353000,10.1,4,34,,,,,,,,,86,107,46,,,52,,,,,
J Simpkin,Fwd,345000,371000,0.4,18,54,60,66,43,42,31,77,60,74,73,62,97,67,,56,52,37,62,23,89
C Zurhaar,Fwd,234000,266000,0.3,5,49,,,,,60,42,37,,,,,40,,,,32,,,
J Lienert,Def,170000,243000,11.0,2,-16,,,,,,,,,,,,,,,,,,79,72
T Marshall,Fwd,254000,295000,0.9,7,55,58,56,54,38,,,,,,,,,31,47,42,,,,
S Powell-Pepper,Mid,492000,515000,1.9,14,114,82,63,59,,,,,87,109,,72,93,64,100,84,94,82,46,56
S Bolton,Fwd,241000,226000,7.4,3,40,13,52,,,,,,,,,,,,,,,27,,
R Garthwaite,Def,170000,182000,1.4,1,13,,,,,,,,,,,,,47,,,,,,
J Graham,Mid,450000,427000,6.9,14,58,87,48,59,44,,46,108,85,40,37,73,0,71,,70,67,,,
J Battle,Fwd,170000,314000,9.0,5,54,,,,,,,,,,,,69,66,,84,,,33,31
D Joyce,Def,170000,170000,1.1,2,47,,,,,,,,,,,,,,,32,6,,,
B Long,Fwd,215000,349000,2.9,7,37,68,30,30,74,82,39,65,,,,,,,,,,,,
R Marshall,Fwd,317000,449000,0.5,10,48,,,82,48,,,43,52,43,,71,0,,,,,114,88,58
E Phillips,Mid,170000,426000,8.3,7,57,,,,,,,,86,56,74,77,83,,,,,82,52,
D Cameron,Ruc,170000,170000,54.6,1,25,,,,,,,,,,,,,,,,,,27,
O Florent,Fwd,272000,440000,1.7,18,72,24,83,43,60,54,70,37,72,76,61,62,86,98,,56,56,60,73,64
R Fox,Mid,284000,347000,1.1,8,40,35,39,,,,47,33,,,,,,,,,83,65,50,58
W Hayward,Fwd,357000,420000,0.7,18,87,79,30,88,32,56,75,74,78,68,71,69,56,62,,67,56,86,61,31
B Ronke,Fwd,170000,430000,10.1,13,72,,,,,,78,56,121,74,70,54,54,80,,63,53,82,65,55
T English,"Ruc,Fwd",187000,425000,56.5,7,81,78,35,86,90,107,38,39,,,,,,,,,,,,
F Greene,Fwd,170000,177000,6.7,1,20,,,,,,,,,,,,,,,,,,,38
P Lipinski,"Mid,Fwd",322000,321000,1.5,13,67,,,,,54,68,61,76,62,39,58,,35,52,75,31,30,,45
L Young,Def,332000,328000,0.2,2,57,,,,,,,53,41,,,,,,,,,,,
W Rioli,Fwd,170000,369000,13.6,17,45,,25,44,62,60,40,80,59,49,77,48,,34,46,50,48,73,67,58
D Venables,Fwd,170000,280000,8.9,8,36,33,67,30,53,,,,,,,,,,,,33,43,59,42
J Waterman,Fwd,170000,335000,13.9,16,62,44,54,96,47,49,77,48,67,48,54,66,,47,30,51,,65,,34
D Fogarty,"Fwd,Mid",248000,266000,15.0,10,55,49,52,,28,,,63,,35,51,47,31,,,27,37,,,
L Murphy,"Def,Fwd",170000,318000,8.4,9,40,34,61,66,,,,,,51,,35,55,,,,,61,35,63
P Wilson,"Mid,Fwd",170000,185000,26.4,1,12,,,,,,,,,,,,,51,,,,,,
Z Bailey,Mid,242000,329000,1.1,10,57,,,,24,46,60,67,67,48,32,66,42,,47,,,,,
C Rayner,"Fwd,Mid",270000,446000,24.3,18,83,35,24,52,85,42,52,63,35,58,42,108,67,,38,102,60,83,67,46
P Dow,"Mid,Fwd",266000,381000,14.3,17,55,47,37,62,36,50,53,74,42,62,96,46,,65,65,44,,47,57,73
L O'Brien,"Def,Mid",252000,383000,2.1,14,49,,,,49,68,32,57,71,38,44,47,,66,46,,74,54,70,61
F Appleby,Def,170000,298000,1.6,9,51,,,,,,37,51,65,67,36,46,,,52,33,46,,,
B Mihocek,"Def,Fwd",170000,381000,16.2,8,49,,,,,,,,,,,78,39,,64,63,33,93,86,39
J Stephenson,"Fwd,Mid",260000,412000,12.7,18,84,61,57,33,89,88,72,86,40,81,59,41,96,,63,64,71,48,67,41
M Guelfi,"Fwd,Mid",170000,410000,6.0,13,75,,,,64,72,73,,,72,92,71,65,,64,45,59,90,49,46
B Banfield,Mid,170000,453000,19.7,18,48,54,68,52,75,66,56,73,47,64,65,85,82,69,,43,52,81,80,88
A Brayshaw,Mid,268000,488000,15.0,16,52,45,71,43,46,75,58,78,74,54,65,74,53,95,,74,79,,,96
A Cerra,"Mid,Fwd",262000,460000,1.8,17,80,,66,48,27,84,45,78,60,43,82,34,111,72,,38,94,85,72,45
M Crowden,"Fwd,Mid",170000,270000,11.4,8,72,,33,65,78,61,39,26,27,23,,,,,,,,,,
S Giro,"Mid,Fwd",170000,371000,4.3,8,56,,,,,,,,,,,54,57,71,,65,55,77,54,51
S Jones,Ruc,170000,274000,21.1,5,13,,,,,,,,,,,55,26,,,,,60,54,64
C Ballard,"Fwd,Mid",188000,277000,6.0,11,33,,,,,,,46,46,13,,52,54,67,30,28,31,61,50,
B Crossley,Ruc,170000,272000,15.5,7,35,,,,,,,69,44,29,,,,,,57,33,45,49,
J Dawson,Mid,170000,196000,3.5,2,2,,,,,,,,,,,,,,31,64,,,,
J Heron,Def,170000,214000,3.0,5,29,,,,,,,,,44,,25,31,,,,,,57,22
W Powell,"Fwd,Mid",234000,248000,1.9,5,43,,,,,,,,,,,,,,,49,59,20,22,47
L Fogarty,"Mid,Fwd",228000,378000,1.4,13,57,72,42,67,67,96,46,71,,,,71,48,47,,44,64,,,64
T Kelly,Mid,224000,601000,27.2,18,105,81,115,79,63,70,82,92,65,64,57,97,80,75,,119,98,98,113,57
B Daniels,"Fwd,Mid",218000,236000,2.6,4,19,,,,,,,,,,,,,,,,34,32,39,58
Z Giles-Langdon,Fwd,170000,327000,5.9,15,54,55,60,,,,33,36,62,40,35,90,52,,51,25,43,90,30,43
N Shipley,Mid,170000,170000,7.7,2,37,,,,,,37,6,,,,,,,,,,,,
H Jones,Mid,170000,170000,0.2,1,27,,,,,,0,,,,,,,,,,,,,
D Mirra,Def,170000,351000,23.1,5,16,,,,56,64,58,,,93,68,,,,,,,,,
J Worpel,Mid,182000,282000,5.5,5,7,,,,,,49,27,,41,,,,,,,,,88,59
B Fritsch,"Fwd,Mid",210000,518000,19.9,17,109,74,60,47,47,,88,91,89,96,76,126,99,,72,77,77,76,79,47
H Petty,Def,198000,206000,1.0,1,23,,,,,,,,,,,,,,,44,,,,
C Spargo,"Fwd,Mid",214000,404000,5.1,11,72,,,,,,75,71,39,53,84,44,70,,,,64,82,57,43
L Davies-Uniacke,Mid,264000,267000,6.5,7,39,27,70,26,32,,26,,,,,,,,,,,69,32,
T Murphy,"Def,Mid",170000,234000,8.8,4,33,,,,,,,,,,,54,45,,46,22,,,,
W Walker,Mid,226000,238000,0.6,1,21,,,,,,,,,,,,,,,,,,,57
K Farrell,"Def,Mid",170000,183000,6.7,1,13,,,,,,,,,,,,,,,,,,,49
L Baker,Fwd,170000,174000,4.9,1,21,,,,,,,,,,,,,,,,,,,34
J Higgins,"Fwd,Mid",238000,430000,8.5,14,60,,,51,,85,50,57,63,,64,42,63,58,,73,84,49,78,68
H Clark,"Mid,Def",258000,398000,1.9,14,60,51,28,,,50,,57,52,69,63,63,64,82,,58,38,62,74,
N Coffield,"Def,Mid",256000,363000,11.0,9,59,,,73,69,79,21,70,61,47,,,54,,,,,,,56
T McCartin,Fwd,206000,296000,1.3,10,57,,,,,,,,46,39,20,,40,59,,58,53,54,33,34
R Stoddart,Def,170000,184000,4.8,3,22,,,,,,,,,,41,27,0,,,,,,,
A Naughton,Def,254000,300000,6.5,14,33,41,61,49,62,53,67,63,3,,,,,,63,31,38,62,18,78
E Richards,"Def,Mid",240000,349000,1.7,17,91,,46,85,53,52,60,27,61,63,87,54,,66,54,79,55,42,34,27
B Ainsworth,Mid,208000,289000,4.0,4,9,,,0,,,,,78,,,,,,,42,73,,,
O Allen,Fwd,230000,231000,0.2,1,34,,,,,,,,,,,,,,,,38,,,
J Brander,"Def,Fwd",246000,243000,4.7,1,44,,,,,,,,,,,,,30,,,,,,
J Petruccelle,"Fwd,Mid",196000,175000,3.2,3,37,,,,,,13,35,,,,,,,,,,,,16
L Ryan,Fwd,220000,345000,9.1,6,82,51,91,78,,,,,,,,,,58,30,25,,,,
,,,,,,,,,,,,,,,,,,,,,,,,,
